date,home_team,away_team,home_score,away_score,tournament,city,country,neutral
1934-05-19,Philippines,Indonesia,3.0,2.0,Far Eastern Championship Games,Manila,Philippines,False
1953-06-20,Singapore,Philippines,3.0,1.0,Friendly,Kallang,Singapore,False
1954-05-03,Philippines,Vietnam,2.0,3.0,Asian Games,Manila,Philippines,False
1954-05-04,Myanmar,Singapore,1.0,1.0,Asian Games,Manila,Philippines,True
1954-05-08,Indonesia,Myanmar,4.0,5.0,Asian Games,Manila,Philippines,True
1954-11-01,Cambodia,Thailand,7.0,1.0,Friendly,Phnom Penh,Cambodia,False
1956-03-17,Malaysia,Cambodia,9.0,2.0,AFC Asian Cup qualification,Kuala Lumpur,Malaya,True
1956-04-24,Cambodia,Malaysia,3.0,2.0,AFC Asian Cup qualification,Phnom Penh,Cambodia,False
1957-08-31,Indonesia,Thailand,4.0,0.0,Merdeka Tournament,Kuala Lumpur,Malaya,True
1957-09-01,Cambodia,Thailand,0.0,3.0,Merdeka Tournament,Kuala Lumpur,Malaya,True
1957-09-01,Malaysia,Myanmar,5.0,2.0,Merdeka Tournament,Kuala Lumpur,Malaya,False
1957-09-03,Myanmar,Cambodia,2.0,0.0,Merdeka Tournament,Kuala Lumpur,Malaya,True
1957-09-03,Singapore,Thailand,6.0,0.0,Merdeka Tournament,Kuala Lumpur,Malaya,True
1957-09-05,Myanmar,Thailand,5.0,2.0,Merdeka Tournament,Kuala Lumpur,Malaya,True
1957-09-05,Cambodia,Singapore,1.0,1.0,Merdeka Tournament,Kuala Lumpur,Malaya,True
1957-09-07,Myanmar,Singapore,2.0,3.0,Merdeka Tournament,Kuala Lumpur,Malaya,True
1957-09-07,Malaysia,Indonesia,4.0,2.0,Merdeka Tournament,Kuala Lumpur,Malaya,False
1957-09-10,Singapore,Myanmar,2.0,1.0,Friendly,Singapore,Singapore,False
1957-10-31,Cambodia,Malaysia,1.0,3.0,Friendly,Phnom Penh,Cambodia,False
1958-03-01,Malaysia,Singapore,5.0,2.0,Friendly,Kuala Lumpur,Malaya,False
1958-03-02,Malaysia,Singapore,3.0,1.0,Friendly,Kuala Lumpur,Malaya,False
1958-05-03,Singapore,Malaysia,3.0,3.0,Friendly,Kallang,Singapore,False
1958-05-04,Singapore,Malaysia,0.0,3.0,Friendly,Kallang,Singapore,False
1958-05-09,Philippines,Indonesia,1.0,2.0,Friendly,Manila,Philippines,False
1958-05-13,Philippines,Indonesia,0.0,3.0,Friendly,Manila,Philippines,False
1958-05-25,Indonesia,Myanmar,4.0,2.0,Asian Games,Tokyo,Japan,True
1958-05-30,Indonesia,Philippines,5.0,2.0,Asian Games,Tokyo,Japan,True
1958-07-02,Singapore,Indonesia,0.0,5.0,Friendly,Kallang,Singapore,False
1958-07-03,Malaysia,Indonesia,2.0,4.0,Friendly,Kallang,Singapore,True
1958-08-30,Malaysia,Indonesia,3.0,2.0,Merdeka Tournament,Kuala Lumpur,Malaya,False
1958-08-31,Indonesia,Singapore,2.0,0.0,Merdeka Tournament,Kuala Lumpur,Malaya,True
1958-09-02,Malaysia,Singapore,0.0,0.0,Merdeka Tournament,Kuala Lumpur,Malaya,True
1959-05-11,Singapore,Malaysia,2.0,5.0,AFC Asian Cup qualification,Kallang,Singapore,False
1959-12-13,Malaysia,Myanmar,2.0,1.0,Southeast Asian Peninsular Games,Bangkok,Thailand,True
1959-12-14,Thailand,Malaysia,3.0,1.0,Southeast Asian Peninsular Games,Bangkok,Thailand,False
1959-12-15,Thailand,Myanmar,5.0,2.0,Southeast Asian Peninsular Games,Bangkok,Thailand,False
1960-04-20,Indonesia,Malaysia,5.0,0.0,Friendly,Surakarta,Indonesia,False
1960-08-07,Malaysia,Thailand,8.0,2.0,Merdeka Tournament,Kuala Lumpur,Malaya,False
1960-08-08,Indonesia,Singapore,8.0,3.0,Merdeka Tournament,Kuala Lumpur,Malaya,True
1961-08-02,Indonesia,Singapore,1.0,0.0,Merdeka Tournament,Kuala Lumpur,Malaya,True
1961-08-09,Indonesia,Thailand,2.0,1.0,Merdeka Tournament,Kuala Lumpur,Malaya,True
1961-08-12,Singapore,Thailand,5.0,3.0,Merdeka Tournament,Kuala Lumpur,Malaya,True
1961-08-13,Malaysia,Indonesia,1.0,2.0,Merdeka Tournament,Kuala Lumpur,Malaya,False
1961-10-23,Indonesia,Malaysia,1.0,3.0,Vietnam Independence Cup,Saigon,Vietnam Republic,True
1961-12-11,Myanmar,Cambodia,4.0,0.0,Southeast Asian Peninsular Games,Rangoon,Burma,False
1961-12-12,Malaysia,Cambodia,4.0,0.0,Southeast Asian Peninsular Games,Rangoon,Burma,True
1961-12-13,Myanmar,Malaysia,1.0,2.0,Southeast Asian Peninsular Games,Rangoon,Burma,False
1961-12-14,Malaysia,Thailand,2.0,2.0,Southeast Asian Peninsular Games,Rangoon,Burma,True
1961-12-16,Myanmar,Malaysia,0.0,2.0,Southeast Asian Peninsular Games,Rangoon,Burma,False
1962-07-12,Singapore,Indonesia,1.0,2.0,Friendly,Kallang,Singapore,False
1962-08-26,Malaysia,Philippines,15.0,1.0,Asian Games,Jakarta,Indonesia,True
1962-08-27,Indonesia,Philippines,6.0,0.0,Asian Games,Jakarta,Indonesia,False
1962-08-28,Indonesia,Malaysia,2.0,3.0,Asian Games,Jakarta,Indonesia,False
1962-09-11,Indonesia,Singapore,2.0,0.0,Merdeka Tournament,Kuala Lumpur,Malaya,True
1962-09-12,Indonesia,Philippines,9.0,0.0,Merdeka Tournament,Kuala Lumpur,Malaya,True
1962-09-13,Malaysia,Myanmar,3.0,2.0,Merdeka Tournament,Kuala Lumpur,Malaya,False
1962-09-13,Philippines,Singapore,0.0,5.0,Merdeka Tournament,Kuala Lumpur,Malaya,True
1962-10-27,Malaysia,Thailand,4.0,2.0,Vietnam Independence Cup,Saigon,Vietnam Republic,True
1962-10-28,Indonesia,Malaysia,2.0,1.0,Vietnam Independence Cup,Saigon,Vietnam Republic,True
1962-10-30,Indonesia,Thailand,7.0,0.0,Vietnam Independence Cup,Saigon,Vietnam Republic,True
1963-08-14,Malaysia,Thailand,2.0,2.0,Merdeka Tournament,Kuala Lumpur,Malaya,False
1963-12-11,Malaysia,Thailand,3.0,1.0,AFC Asian Cup qualification,Saigon,Vietnam Republic,True
1964-08-22,Malaysia,Thailand,3.0,0.0,Merdeka Tournament,Kuala Lumpur,Malaysia,False
1964-08-28,Malaysia,Myanmar,0.0,3.0,Merdeka Tournament,Kuala Lumpur,Malaysia,False
1964-09-01,Cambodia,Thailand,0.0,1.0,Merdeka Tournament,Kuala Lumpur,Malaysia,True
1964-09-05,Malaysia,Thailand,1.0,1.0,Merdeka Tournament,Ipoh,Malaysia,False
1965-08-06,Cambodia,Indonesia,0.0,0.0,Friendly,Pyongyang,North Korea,True
1965-08-22,Myanmar,Thailand,1.0,1.0,Merdeka Tournament,Kuala Lumpur,Malaysia,True
1965-12-15,Myanmar,Singapore,1.0,0.0,Southeast Asian Peninsular Games,Kuala Lumpur,Malaysia,True
1965-12-18,Malaysia,Myanmar,0.0,2.0,Southeast Asian Peninsular Games,Kuala Lumpur,Malaysia,False
1965-12-22,Myanmar,Thailand,2.0,2.0,Southeast Asian Peninsular Games,Kuala Lumpur,Malaysia,True
1966-08-13,Myanmar,Singapore,2.0,2.0,Merdeka Tournament,Kuala Lumpur,Malaysia,True
1966-08-17,Myanmar,Thailand,3.0,0.0,Merdeka Tournament,Kuala Lumpur,Malaysia,True
1966-08-19,Malaysia,Thailand,0.0,0.0,Merdeka Tournament,Kuala Lumpur,Malaysia,False
1966-08-23,Malaysia,Myanmar,0.0,0.0,Merdeka Tournament,Kuala Lumpur,Malaysia,False
1966-11-03,Malaysia,Thailand,1.0,1.0,Vietnam Independence Cup,Saigon,Vietnam Republic,True
1966-12-10,Indonesia,Singapore,3.0,0.0,Asian Games,Bangkok,Thailand,True
1966-12-14,Thailand,Myanmar,1.0,1.0,Asian Games,Bangkok,Thailand,False
1966-12-15,Thailand,Singapore,0.0,2.0,Asian Games,Bangkok,Thailand,False
1966-12-15,Myanmar,Indonesia,2.0,2.0,Asian Games,Bangkok,Thailand,True
1966-12-18,Myanmar,Singapore,2.0,0.0,Asian Games,Bangkok,Thailand,True
1967-08-07,Indonesia,Philippines,6.0,0.0,AFC Asian Cup qualification,Taipei,Taiwan,True
1967-08-13,Indonesia,Singapore,4.0,1.0,Merdeka Tournament,Ipoh,Malaysia,True
1967-08-15,Myanmar,Singapore,3.0,0.0,Merdeka Tournament,Ipoh,Malaysia,True
1967-08-19,Myanmar,Indonesia,5.0,0.0,Merdeka Tournament,Kuala Lumpur,Malaysia,True
1967-08-20,Malaysia,Thailand,1.0,0.0,Merdeka Tournament,Kuala Lumpur,Malaysia,False
1967-11-04,Malaysia,Thailand,3.0,2.0,Vietnam Independence Cup,Saigon,Vietnam Republic,True
1967-11-16,Myanmar,Cambodia,1.0,0.0,AFC Asian Cup qualification,Yangon,Burma,False
1967-12-10,Thailand,Malaysia,4.0,0.0,Southeast Asian Peninsular Games,Bangkok,Thailand,False
1967-12-11,Myanmar,Malaysia,2.0,1.0,Southeast Asian Peninsular Games,Bangkok,Thailand,True
1967-12-12,Thailand,Myanmar,0.0,1.0,Southeast Asian Peninsular Games,Bangkok,Thailand,False
1968-08-14,Myanmar,Thailand,0.0,0.0,Merdeka Tournament,Ipoh,Malaysia,True
1968-08-15,Indonesia,Singapore,4.0,0.0,Merdeka Tournament,Kuala Lumpur,Malaysia,True
1968-08-17,Malaysia,Thailand,4.0,1.0,Merdeka Tournament,Kuala Lumpur,Malaysia,False
1968-08-18,Malaysia,Myanmar,1.0,1.0,Merdeka Tournament,Kuala Lumpur,Malaysia,False
1968-08-21,Myanmar,Indonesia,2.0,1.0,Merdeka Tournament,Kuala Lumpur,Malaysia,True
1968-08-25,Malaysia,Myanmar,3.0,0.0,Merdeka Tournament,Kuala Lumpur,Malaysia,False
1968-08-30,Singapore,Indonesia,1.0,0.0,Friendly,Kallang,Singapore,False
1968-11-20,Thailand,Singapore,3.0,0.0,King's Cup,Bangkok,Thailand,False
1968-11-21,Indonesia,Malaysia,1.0,0.0,King's Cup,Bangkok,Thailand,True
1968-11-22,Myanmar,Singapore,2.0,0.0,King's Cup,Bangkok,Thailand,True
1968-11-24,Myanmar,Indonesia,1.0,3.0,King's Cup,Bangkok,Thailand,True
1968-11-26,Indonesia,Singapore,7.0,0.0,King's Cup,Bangkok,Thailand,True
1968-11-26,Thailand,Malaysia,3.0,0.0,King's Cup,Bangkok,Thailand,False
1968-11-28,Indonesia,Malaysia,6.0,1.0,King's Cup,Bangkok,Thailand,True
1968-11-29,Thailand,Myanmar,0.0,2.0,King's Cup,Bangkok,Thailand,False
1968-12-01,Thailand,Malaysia,6.0,0.0,King's Cup,Bangkok,Thailand,False
1968-12-02,Myanmar,Indonesia,0.0,1.0,King's Cup,Bangkok,Thailand,True
1969-10-30,Malaysia,Thailand,1.0,0.0,Merdeka Tournament,Kuala Lumpur,Malaysia,False
1969-10-31,Myanmar,Singapore,3.0,1.0,Merdeka Tournament,Kuala Lumpur,Malaysia,True
1969-11-01,Indonesia,Thailand,4.0,0.0,Merdeka Tournament,Ipoh,Malaysia,True
1969-11-06,Indonesia,Singapore,9.0,2.0,Merdeka Tournament,Kuala Lumpur,Malaysia,True
1969-11-07,Malaysia,Myanmar,3.0,1.0,Merdeka Tournament,Kuala Lumpur,Malaysia,False
1969-11-09,Myanmar,Singapore,9.0,0.0,Merdeka Tournament,Kuala Lumpur,Malaysia,True
1969-11-09,Malaysia,Indonesia,2.0,3.0,Merdeka Tournament,Kuala Lumpur,Malaysia,False
1969-11-19,Thailand,Malaysia,2.0,2.0,King's Cup,Bangkok,Thailand,False
1969-11-19,Indonesia,Singapore,2.0,3.0,King's Cup,Bangkok,Thailand,True
1969-12-08,Myanmar,Thailand,1.0,1.0,Southeast Asian Peninsular Games,Rangoon,Burma,False
1969-12-10,Malaysia,Thailand,0.0,3.0,Southeast Asian Peninsular Games,Rangoon,Burma,True
1969-12-13,Myanmar,Thailand,3.0,0.0,Southeast Asian Peninsular Games,Rangoon,Burma,False
1970-06-20,Malaysia,Singapore,5.0,0.0,Indonesia Tournament,Jakarta,Indonesia,True
1970-08-01,Indonesia,Singapore,3.0,1.0,Merdeka Tournament,Kuala Lumpur,Malaysia,True
1970-08-08,Singapore,Thailand,4.0,5.0,Merdeka Tournament,Kuala Lumpur,Malaysia,True
1970-08-09,Malaysia,Myanmar,1.0,2.0,Merdeka Tournament,Kuala Lumpur,Malaysia,False
1970-08-10,Indonesia,Thailand,6.0,3.0,Merdeka Tournament,Kuala Lumpur,Malaysia,True
1970-08-15,Malaysia,Indonesia,4.0,0.0,Merdeka Tournament,Kuala Lumpur,Malaysia,False
1970-10-29,Indonesia,Thailand,1.0,2.0,Vietnam Independence Cup,Saigon,Vietnam Republic,True
1970-10-31,Malaysia,Thailand,1.0,4.0,Vietnam Independence Cup,Saigon,Vietnam Republic,True
1970-11-01,Indonesia,Malaysia,1.0,3.0,Vietnam Independence Cup,Saigon,Vietnam Republic,True
1970-11-09,Cambodia,Malaysia,1.0,1.0,King's Cup,Bangkok,Thailand,True
1970-11-10,Thailand,Singapore,3.0,1.0,King's Cup,Bangkok,Thailand,False
1970-11-13,Indonesia,Malaysia,3.0,0.0,King's Cup,Bangkok,Thailand,True
1970-11-15,Indonesia,Cambodia,4.0,1.0,King's Cup,Bangkok,Thailand,True
1970-11-18,Thailand,Indonesia,2.0,1.0,King's Cup,Bangkok,Thailand,False
1970-11-20,Indonesia,Malaysia,1.0,3.0,King's Cup,Bangkok,Thailand,True
1970-12-10,Myanmar,Cambodia,2.0,1.0,Asian Games,Bangkok,Thailand,True
1970-12-12,Myanmar,Malaysia,1.0,0.0,Asian Games,Bangkok,Thailand,True
1970-12-14,Malaysia,Cambodia,0.0,2.0,Asian Games,Bangkok,Thailand,True
1970-12-16,Thailand,Myanmar,2.0,2.0,Asian Games,Bangkok,Thailand,False
1970-12-19,Thailand,Indonesia,0.0,1.0,Asian Games,Bangkok,Thailand,False
1971-05-03,Cambodia,Malaysia,1.0,3.0,Korea Cup,Seoul,South Korea,True
1971-05-05,Cambodia,Thailand,3.0,4.0,Korea Cup,Seoul,South Korea,True
1971-05-08,Myanmar,Indonesia,3.0,1.0,Korea Cup,Seoul,South Korea,True
1971-05-08,Malaysia,Thailand,4.0,1.0,Korea Cup,Seoul,South Korea,True
1971-05-11,Myanmar,Malaysia,6.0,1.0,Korea Cup,Seoul,South Korea,True
1971-05-13,Indonesia,Malaysia,4.0,2.0,Korea Cup,Seoul,South Korea,True
1971-05-15,Malaysia,Thailand,0.0,3.0,Friendly,Taipei,Taiwan,True
1971-05-21,Thailand,Cambodia,1.0,1.0,AFC Asian Cup qualification,Bangkok,Thailand,False
1971-05-26,Malaysia,Cambodia,2.0,1.0,AFC Asian Cup qualification,Bangkok,Thailand,True
1971-05-26,Thailand,Indonesia,0.0,1.0,AFC Asian Cup qualification,Bangkok,Thailand,False
1971-05-30,Cambodia,Indonesia,2.0,0.0,AFC Asian Cup qualification,Bangkok,Thailand,True
1971-05-30,Thailand,Malaysia,1.0,0.0,AFC Asian Cup qualification,Bangkok,Thailand,False
1971-06-01,Malaysia,Indonesia,3.0,0.0,AFC Asian Cup qualification,Bangkok,Thailand,True
1971-06-01,Thailand,Cambodia,4.0,2.0,AFC Asian Cup qualification,Bangkok,Thailand,False
1971-06-05,Indonesia,Singapore,3.0,0.0,Indonesia Tournament,Jakarta,Indonesia,False
1971-06-07,Indonesia,Myanmar,1.0,1.0,Indonesia Tournament,Jakarta,Indonesia,False
1971-06-08,Cambodia,Malaysia,1.0,1.0,Indonesia Tournament,Jakarta,Indonesia,True
1971-06-09,Myanmar,Singapore,6.0,0.0,Indonesia Tournament,Jakarta,Indonesia,True
1971-06-11,Myanmar,Malaysia,5.0,1.0,Indonesia Tournament,Jakarta,Indonesia,True
1971-06-11,Indonesia,Thailand,0.0,0.0,Indonesia Tournament,Jakarta,Indonesia,False
1971-06-12,Cambodia,Thailand,3.0,0.0,Indonesia Tournament,Jakarta,Indonesia,True
1971-06-13,Indonesia,Cambodia,1.0,0.0,Indonesia Tournament,Jakarta,Indonesia,False
1971-06-14,Myanmar,Cambodia,8.0,0.0,Indonesia Tournament,Jakarta,Indonesia,True
1971-06-14,Indonesia,Malaysia,2.0,1.0,Indonesia Tournament,Jakarta,Indonesia,False
1971-06-15,Cambodia,Malaysia,1.0,2.0,Indonesia Tournament,Jakarta,Indonesia,True
1971-06-16,Indonesia,Myanmar,0.0,1.0,Indonesia Tournament,Jakarta,Indonesia,False
1971-08-07,Myanmar,Singapore,0.0,1.0,Merdeka Tournament,Kuala Lumpur,Malaysia,True
1971-08-07,Malaysia,Thailand,0.0,2.0,Merdeka Tournament,Kuala Lumpur,Malaysia,False
1971-08-09,Myanmar,Indonesia,2.0,2.0,Merdeka Tournament,Kuala Lumpur,Malaysia,True
1971-08-11,Indonesia,Philippines,3.0,1.0,Merdeka Tournament,Kuala Lumpur,Malaysia,True
1971-08-13,Myanmar,Philippines,2.0,0.0,Merdeka Tournament,Kuala Lumpur,Malaysia,True
1971-08-13,Indonesia,Singapore,4.0,0.0,Merdeka Tournament,Ipoh,Malaysia,True
1971-08-15,Philippines,Singapore,4.0,4.0,Merdeka Tournament,Kuala Lumpur,Malaysia,True
1971-08-17,Philippines,Thailand,3.0,1.0,Merdeka Tournament,Kuala Lumpur,Malaysia,True
1971-08-21,Myanmar,Indonesia,1.0,0.0,Merdeka Tournament,Kuala Lumpur,Malaysia,True
1971-08-23,Singapore,Malaysia,2.0,4.0,Friendly,Kallang,Singapore,False
1971-08-24,Philippines,Thailand,0.0,1.0,Friendly,Kallang,Singapore,True
1971-08-27,Singapore,Indonesia,3.0,2.0,Friendly,Kallang,Singapore,False
1971-10-28,Singapore,Thailand,0.0,1.0,Vietnam Independence Cup,Saigon,Vietnam Republic,True
1971-10-30,Malaysia,Singapore,1.0,1.0,Vietnam Independence Cup,Saigon,Vietnam Republic,True
1971-10-31,Singapore,Thailand,3.0,1.0,Vietnam Independence Cup,Saigon,Vietnam Republic,True
1971-11-07,Thailand,Singapore,2.0,0.0,King's Cup,Bangkok,Thailand,False
1971-11-10,Indonesia,Malaysia,2.0,0.0,King's Cup,Bangkok,Thailand,True
1971-11-14,Thailand,Indonesia,1.0,0.0,King's Cup,Bangkok,Thailand,False
1971-12-12,Cambodia,Thailand,1.0,1.0,Southeast Asian Peninsular Games,Malaysia,Malaysia,True
1971-12-14,Malaysia,Thailand,4.0,2.0,Southeast Asian Peninsular Games,Malaysia,Malaysia,False
1971-12-14,Malaysia,Cambodia,3.0,0.0,Southeast Asian Peninsular Games,Malaysia,Malaysia,False
1971-12-15,Myanmar,Singapore,8.0,1.0,Southeast Asian Peninsular Games,Kuala Lumpur,Malaysia,True
1971-12-17,Myanmar,Thailand,3.0,1.0,Southeast Asian Peninsular Games,Kuala Lumpur,Malaysia,True
1971-12-18,Malaysia,Myanmar,1.0,2.0,Southeast Asian Peninsular Games,Kuala Lumpur,Malaysia,False
1972-05-19,Thailand,Cambodia,2.0,2.0,AFC Asian Cup,Bangkok,Thailand,False
1972-06-05,Indonesia,Myanmar,1.0,0.0,Indonesia Tournament,Jakarta,Indonesia,False
1972-06-06,Cambodia,Singapore,3.0,0.0,Indonesia Tournament,Jakarta,Indonesia,True
1972-06-08,Cambodia,Thailand,2.0,0.0,Indonesia Tournament,Jakarta,Indonesia,True
1972-06-08,Philippines,Singapore,2.0,0.0,Indonesia Tournament,Jakarta,Indonesia,True
1972-06-12,Philippines,Thailand,1.0,0.0,Indonesia Tournament,Jakarta,Indonesia,True
1972-06-15,Myanmar,Malaysia,2.0,2.0,Indonesia Tournament,Jakarta,Indonesia,True
1972-06-19,Myanmar,Cambodia,0.0,3.0,Indonesia Tournament,Jakarta,Indonesia,True
1972-07-13,Indonesia,Singapore,0.0,0.0,Merdeka Tournament,Kuala Lumpur,Malaysia,True
1972-07-14,Malaysia,Philippines,1.0,0.0,Merdeka Tournament,Kuala Lumpur,Malaysia,False
1972-07-15,Singapore,Thailand,0.0,2.0,Merdeka Tournament,Kuala Lumpur,Malaysia,True
1972-07-16,Cambodia,Philippines,2.0,2.0,Merdeka Tournament,Kuala Lumpur,Malaysia,True
1972-07-19,Indonesia,Thailand,3.0,2.0,Merdeka Tournament,Kuala Lumpur,Malaysia,True
1972-07-19,Malaysia,Cambodia,6.0,1.0,Merdeka Tournament,Ipoh,Malaysia,False
1972-07-29,Philippines,Thailand,0.0,4.0,Merdeka Tournament,Kuala Lumpur,Malaysia,True
1972-08-02,Indonesia,Philippines,3.0,0.0,Friendly,Kallang,Singapore,True
1972-08-08,Cambodia,Indonesia,0.0,5.0,Friendly,Kallang,Singapore,True
1972-09-20,Cambodia,Malaysia,0.0,1.0,Korea Cup,Seoul,South Korea,True
1972-09-21,Myanmar,Philippines,4.0,0.0,Korea Cup,Seoul,South Korea,True
1972-09-22,Malaysia,Thailand,1.0,1.0,Korea Cup,Seoul,South Korea,True
1972-09-23,Myanmar,Indonesia,1.0,1.0,Korea Cup,Seoul,South Korea,True
1972-09-23,Philippines,Singapore,0.0,5.0,Korea Cup,Seoul,South Korea,True
1972-09-24,Cambodia,Thailand,0.0,0.0,Korea Cup,Seoul,South Korea,True
1972-09-25,Myanmar,Singapore,1.0,0.0,Korea Cup,Seoul,South Korea,True
1972-09-27,Cambodia,Philippines,1.0,0.0,Korea Cup,Seoul,South Korea,True
1972-09-28,Indonesia,Malaysia,3.0,1.0,Korea Cup,Seoul,South Korea,True
1972-09-28,Singapore,Thailand,1.0,4.0,Korea Cup,Seoul,South Korea,True
1972-09-30,Myanmar,Indonesia,3.0,1.0,Korea Cup,Seoul,South Korea,True
1972-10-28,Cambodia,Singapore,0.0,1.0,Vietnam Independence Cup,Saigon,Vietnam Republic,True
1972-10-29,Cambodia,Malaysia,1.0,0.0,Vietnam Independence Cup,Saigon,Vietnam Republic,True
1972-11-01,Malaysia,Singapore,1.0,3.0,Vietnam Independence Cup,Saigon,Vietnam Republic,True
1972-11-18,Thailand,Singapore,4.0,0.0,King's Cup,Bangkok,Thailand,False
1972-11-20,Indonesia,Singapore,1.0,2.0,King's Cup,Bangkok,Thailand,True
1972-11-20,Thailand,Malaysia,0.0,2.0,King's Cup,Bangkok,Thailand,False
1972-11-22,Malaysia,Singapore,2.0,0.0,King's Cup,Bangkok,Thailand,True
1972-11-24,Thailand,Indonesia,3.0,0.0,King's Cup,Bangkok,Thailand,False
1972-11-26,Indonesia,Malaysia,0.0,2.0,King's Cup,Bangkok,Thailand,True
1972-11-28,Thailand,Malaysia,0.0,1.0,King's Cup,Bangkok,Thailand,False
1973-05-23,Thailand,Malaysia,0.0,2.0,FIFA World Cup qualification,Seoul,South Korea,True
1973-06-12,Myanmar,Malaysia,2.0,2.0,Indonesia Tournament,Jakarta,Indonesia,True
1973-06-14,Indonesia,Malaysia,2.0,0.0,Indonesia Tournament,Jakarta,Indonesia,False
1973-06-18,Indonesia,Myanmar,0.0,0.0,Indonesia Tournament,Jakarta,Indonesia,False
1973-07-26,Cambodia,Singapore,1.0,1.0,Merdeka Tournament,Kuala Lumpur,Malaysia,True
1973-07-30,Myanmar,Singapore,1.0,0.0,Merdeka Tournament,Kuala Lumpur,Malaysia,True
1973-08-03,Malaysia,Thailand,2.0,2.0,Merdeka Tournament,Kuala Lumpur,Malaysia,False
1973-08-03,Malaysia,Cambodia,1.0,0.0,Merdeka Tournament,Kuala Lumpur,Malaysia,False
1973-08-06,Cambodia,Thailand,1.0,4.0,Merdeka Tournament,Kuala Lumpur,Malaysia,True
1973-08-10,Cambodia,Singapore,0.0,3.0,Merdeka Tournament,Kuala Lumpur,Malaysia,True
1973-08-10,Malaysia,Myanmar,2.0,1.0,Merdeka Tournament,Kuala Lumpur,Malaysia,False
1973-09-01,Singapore,Thailand,1.0,0.0,Southeast Asian Peninsular Games,Singapore,Singapore,False
1973-09-02,Malaysia,Thailand,1.0,1.0,Southeast Asian Peninsular Games,Singapore,Singapore,True
1973-09-04,Singapore,Malaysia,0.0,0.0,Southeast Asian Peninsular Games,Singapore,Singapore,False
1973-09-06,Myanmar,Malaysia,1.0,0.0,Southeast Asian Peninsular Games,Singapore,Singapore,True
1973-09-07,Singapore,Malaysia,0.0,3.0,Southeast Asian Peninsular Games,Singapore,Singapore,False
1973-09-22,Myanmar,Thailand,2.0,2.0,Korea Cup,Seoul,South Korea,True
1973-09-24,Malaysia,Thailand,5.0,1.0,Korea Cup,Seoul,South Korea,True
1973-09-26,Myanmar,Malaysia,1.0,3.0,Korea Cup,Seoul,South Korea,True
1973-09-26,Indonesia,Cambodia,2.0,3.0,Korea Cup,Seoul,South Korea,True
1973-09-28,Cambodia,Malaysia,2.0,0.0,Korea Cup,Seoul,South Korea,True
1973-09-30,Myanmar,Cambodia,0.0,0.0,Korea Cup,Seoul,South Korea,True
1973-11-03,Malaysia,Singapore,2.0,1.0,Vietnam Independence Cup,Saigon,Vietnam Republic,True
1973-12-15,Thailand,Myanmar,2.0,1.0,King's Cup,Bangkok,Thailand,False
1973-12-17,Myanmar,Singapore,6.0,1.0,King's Cup,Bangkok,Thailand,True
1973-12-19,Thailand,Singapore,3.0,0.0,King's Cup,Bangkok,Thailand,False
1973-12-20,Cambodia,Malaysia,2.0,3.0,King's Cup,Bangkok,Thailand,True
1973-12-23,Thailand,Malaysia,0.0,1.0,King's Cup,Bangkok,Thailand,False
1973-12-25,Thailand,Myanmar,1.0,0.0,King's Cup,Bangkok,Thailand,False
1974-05-16,Myanmar,Thailand,2.0,1.0,Korea Cup,Seoul,South Korea,True
1974-05-20,Myanmar,Cambodia,6.0,0.0,Korea Cup,Seoul,South Korea,True
1974-06-01,Indonesia,Myanmar,2.0,4.0,Indonesia Tournament,Jakarta,Indonesia,False
1974-06-03,Myanmar,Malaysia,3.0,0.0,Indonesia Tournament,Jakarta,Indonesia,True
1974-06-07,Indonesia,Malaysia,4.0,3.0,Indonesia Tournament,Jakarta,Indonesia,False
1974-07-26,Indonesia,Thailand,1.0,2.0,Merdeka Tournament,Ipoh,Malaysia,True
1974-07-28,Indonesia,Singapore,5.0,0.0,Merdeka Tournament,Ipoh,Malaysia,True
1974-07-30,Singapore,Thailand,1.0,1.0,Merdeka Tournament,Ipoh,Malaysia,True
1974-08-01,Malaysia,Thailand,3.0,2.0,Merdeka Tournament,Ipoh,Malaysia,False
1974-09-07,Malaysia,Philippines,11.0,0.0,Asian Games,Tehran,Iran,True
1974-11-03,Cambodia,Thailand,2.0,2.0,Vietnam Independence Cup,Saigon,Vietnam Republic,True
1974-12-10,Thailand,Malaysia,0.0,2.0,King's Cup,Bangkok,Thailand,False
1974-12-12,Malaysia,Singapore,0.0,0.0,King's Cup,Bangkok,Thailand,True
1974-12-14,Thailand,Singapore,2.0,1.0,King's Cup,Bangkok,Thailand,False
1974-12-16,Thailand,Malaysia,4.0,1.0,King's Cup,Bangkok,Thailand,False
1974-12-18,Thailand,Cambodia,1.0,0.0,King's Cup,Bangkok,Thailand,False
1974-12-20,Cambodia,Malaysia,0.0,3.0,King's Cup,Bangkok,Thailand,True
1975-03-15,Thailand,Indonesia,3.0,1.0,AFC Asian Cup qualification,Bangkok,Thailand,False
1975-03-18,Thailand,Malaysia,0.0,1.0,AFC Asian Cup qualification,Bangkok,Thailand,False
1975-03-20,Malaysia,Indonesia,0.0,0.0,AFC Asian Cup qualification,Bangkok,Thailand,True
1975-05-15,Myanmar,Thailand,4.0,1.0,Korea Cup,Seoul,South Korea,True
1975-06-12,Indonesia,Thailand,5.0,0.0,Indonesia Tournament,Jakarta,Indonesia,False
1975-06-13,Malaysia,Thailand,1.0,0.0,Indonesia Tournament,Jakarta,Indonesia,True
1975-06-14,Indonesia,Malaysia,3.0,1.0,Indonesia Tournament,Jakarta,Indonesia,False
1975-06-16,Indonesia,Myanmar,0.0,2.0,Indonesia Tournament,Jakarta,Indonesia,False
1975-06-18,Myanmar,Malaysia,2.0,0.0,Indonesia Tournament,Jakarta,Indonesia,True
1975-07-27,Malaysia,Thailand,1.0,0.0,Merdeka Tournament,Kuala Lumpur,Malaysia,False
1975-07-30,Myanmar,Thailand,1.0,0.0,Merdeka Tournament,Kuala Lumpur,Malaysia,True
1975-08-01,Myanmar,Indonesia,2.0,0.0,Merdeka Tournament,Kuala Lumpur,Malaysia,True
1975-08-05,Malaysia,Indonesia,2.0,1.0,Merdeka Tournament,Kuala Lumpur,Malaysia,False
1975-08-09,Indonesia,Thailand,2.0,1.0,Merdeka Tournament,Kuala Lumpur,Malaysia,True
1975-08-10,Malaysia,Myanmar,2.0,1.0,Merdeka Tournament,Kuala Lumpur,Malaysia,False
1975-12-09,Thailand,Malaysia,1.0,1.0,Southeast Asian Peninsular Games,Thailand,Thailand,False
1975-12-10,Myanmar,Singapore,1.0,0.0,Southeast Asian Peninsular Games,Thailand,Thailand,True
1975-12-12,Thailand,Singapore,2.0,2.0,Southeast Asian Peninsular Games,Thailand,Thailand,False
1975-12-13,Myanmar,Malaysia,0.0,1.0,Southeast Asian Peninsular Games,Thailand,Thailand,True
1975-12-15,Myanmar,Singapore,2.0,2.0,Southeast Asian Peninsular Games,Thailand,Thailand,True
1975-12-16,Thailand,Malaysia,2.0,1.0,Southeast Asian Peninsular Games,Thailand,Thailand,False
1975-12-21,Malaysia,Singapore,0.0,0.0,King's Cup,Bangkok,Thailand,True
1975-12-24,Myanmar,Singapore,6.0,0.0,King's Cup,Bangkok,Thailand,True
1975-12-26,Thailand,Singapore,0.0,1.0,King's Cup,Bangkok,Thailand,False
1975-12-27,Myanmar,Malaysia,2.0,1.0,King's Cup,Bangkok,Thailand,True
1975-12-29,Thailand,Malaysia,1.0,0.0,King's Cup,Bangkok,Thailand,False
1976-01-01,Thailand,Myanmar,0.0,0.0,King's Cup,Bangkok,Thailand,False
1976-06-08,Myanmar,Malaysia,3.0,1.0,Indonesia Tournament,Jakarta,Indonesia,True
1976-06-10,Indonesia,Malaysia,1.0,2.0,Indonesia Tournament,Jakarta,Indonesia,False
1976-06-12,Indonesia,Myanmar,1.0,1.0,Indonesia Tournament,Jakarta,Indonesia,False
1976-08-08,Myanmar,Indonesia,5.0,1.0,Merdeka Tournament,Kuala Lumpur,Malaysia,True
1976-08-09,Malaysia,Thailand,0.0,0.0,Merdeka Tournament,Kuala Lumpur,Malaysia,False
1976-08-11,Myanmar,Thailand,1.0,0.0,Merdeka Tournament,Kuala Lumpur,Malaysia,True
1976-08-14,Malaysia,Indonesia,7.0,1.0,Merdeka Tournament,Kuala Lumpur,Malaysia,False
1976-08-17,Malaysia,Myanmar,3.0,1.0,Merdeka Tournament,Kuala Lumpur,Malaysia,False
1976-08-18,Indonesia,Thailand,0.0,1.0,Merdeka Tournament,Kuala Lumpur,Malaysia,True
1976-09-13,Malaysia,Singapore,4.0,1.0,Korea Cup,Seoul,South Korea,True
1976-09-16,Myanmar,Thailand,2.0,0.0,Korea Cup,Seoul,South Korea,True
1976-12-19,Thailand,Singapore,6.0,0.0,King's Cup,Bangkok,Thailand,False
1976-12-25,Thailand,Malaysia,1.0,1.0,King's Cup,Bangkok,Thailand,False
1977-02-27,Singapore,Thailand,2.0,0.0,FIFA World Cup qualification,Kallang,Singapore,False
1977-03-01,Malaysia,Thailand,6.0,4.0,FIFA World Cup qualification,Kallang,Singapore,True
1977-03-03,Indonesia,Malaysia,0.0,0.0,FIFA World Cup qualification,Kallang,Singapore,True
1977-03-06,Singapore,Malaysia,1.0,0.0,FIFA World Cup qualification,Kallang,Singapore,False
1977-03-07,Thailand,Indonesia,3.0,2.0,FIFA World Cup qualification,Kallang,Singapore,True
1977-03-09,Singapore,Indonesia,0.0,4.0,FIFA World Cup qualification,Kallang,Singapore,False
1977-07-16,Malaysia,Myanmar,1.0,0.0,Merdeka Tournament,Kuala Lumpur,Malaysia,False
1977-07-18,Malaysia,Thailand,3.0,0.0,Merdeka Tournament,Kuala Lumpur,Malaysia,False
1977-07-29,Myanmar,Thailand,1.0,1.0,Merdeka Tournament,Kuala Lumpur,Malaysia,True
1977-09-15,Malaysia,Thailand,1.0,1.0,Korea Cup,Seoul,South Korea,True
1977-10-28,Thailand,Singapore,2.0,0.0,King's Cup,Bangkok,Thailand,False
1977-11-01,Malaysia,Singapore,4.0,3.0,King's Cup,Bangkok,Thailand,True
1977-11-06,Thailand,Malaysia,1.0,2.0,King's Cup,Bangkok,Thailand,False
1977-11-19,Malaysia,Indonesia,1.0,2.0,Southeast Asian Games,Kuala Lumpur,Malaysia,False
1977-11-20,Thailand,Singapore,2.0,0.0,Southeast Asian Games,Kuala Lumpur,Malaysia,True
1977-11-21,Malaysia,Philippines,5.0,0.0,Southeast Asian Games,Kuala Lumpur,Malaysia,False
1977-11-21,Myanmar,Singapore,5.0,1.0,Southeast Asian Games,Kuala Lumpur,Malaysia,True
1977-11-22,Thailand,Myanmar,0.0,3.0,Southeast Asian Games,Kuala Lumpur,Malaysia,True
1977-11-23,Philippines,Indonesia,1.0,1.0,Southeast Asian Games,Kuala Lumpur,Malaysia,True
1977-11-25,Malaysia,Myanmar,9.0,1.0,Southeast Asian Games,Kuala Lumpur,Malaysia,False
1977-11-25,Indonesia,Thailand,0.0,2.0,Southeast Asian Games,Kuala Lumpur,Malaysia,True
1977-11-26,Myanmar,Indonesia,2.0,0.0,Southeast Asian Games,Kuala Lumpur,Malaysia,True
1977-11-26,Malaysia,Thailand,2.0,0.0,Southeast Asian Games,Kuala Lumpur,Malaysia,False
1978-04-26,Malaysia,Singapore,0.0,1.0,King's Cup,Bangkok,Thailand,True
1978-05-03,Thailand,Singapore,2.0,2.0,King's Cup,Bangkok,Thailand,False
1978-06-13,Indonesia,Malaysia,3.0,0.0,Indonesia Tournament,Jakarta,Indonesia,False
1978-06-15,Indonesia,Thailand,1.0,0.0,Indonesia Tournament,Jakarta,Indonesia,False
1978-06-16,Malaysia,Singapore,1.0,1.0,Indonesia Tournament,Jakarta,Indonesia,True
1978-06-17,Singapore,Thailand,1.0,3.0,Indonesia Tournament,Jakarta,Indonesia,True
1978-06-21,Indonesia,Singapore,2.0,2.0,Indonesia Tournament,Jakarta,Indonesia,False
1978-06-21,Malaysia,Thailand,1.0,1.0,Indonesia Tournament,Jakarta,Indonesia,True
1978-06-23,Malaysia,Thailand,3.0,3.0,Indonesia Tournament,Jakarta,Indonesia,True
1978-07-14,Malaysia,Singapore,6.0,0.0,Merdeka Tournament,Kuala Lumpur,Malaysia,False
1978-07-16,Malaysia,Thailand,2.0,0.0,Merdeka Tournament,Kuala Lumpur,Malaysia,False
1978-07-16,Malaysia,Indonesia,1.0,0.0,Merdeka Tournament,Kuala Lumpur,Malaysia,False
1978-07-18,Singapore,Thailand,1.0,2.0,Merdeka Tournament,Kuala Lumpur,Malaysia,True
1978-07-22,Indonesia,Thailand,0.0,3.0,Merdeka Tournament,Kuala Lumpur,Malaysia,True
1978-07-27,Indonesia,Singapore,0.0,0.0,Merdeka Tournament,Kuala Lumpur,Malaysia,True
1978-09-10,Indonesia,Thailand,0.0,2.0,Korea Cup,Seoul,South Korea,True
1978-12-11,Thailand,Myanmar,2.0,1.0,Asian Games,Bangkok,Thailand,False
1978-12-17,Thailand,Malaysia,2.0,1.0,Asian Games,Bangkok,Thailand,False
1979-06-29,Malaysia,Myanmar,4.0,1.0,Merdeka Tournament,Kuala Lumpur,Malaysia,False
1979-06-30,Indonesia,Singapore,0.0,0.0,Merdeka Tournament,Kuala Lumpur,Malaysia,True
1979-07-01,Malaysia,Thailand,4.0,2.0,Merdeka Tournament,Kuala Lumpur,Malaysia,False
1979-07-03,Myanmar,Thailand,2.0,0.0,Merdeka Tournament,Kuala Lumpur,Malaysia,True
1979-07-04,Malaysia,Indonesia,1.0,1.0,Merdeka Tournament,Kuala Lumpur,Malaysia,False
1979-07-05,Singapore,Thailand,1.0,1.0,Merdeka Tournament,Kuala Lumpur,Malaysia,True
1979-07-08,Indonesia,Thailand,2.0,1.0,Merdeka Tournament,Kuala Lumpur,Malaysia,True
1979-07-09,Malaysia,Singapore,3.0,0.0,Merdeka Tournament,Kuala Lumpur,Malaysia,False
1979-07-11,Myanmar,Singapore,4.0,1.0,Merdeka Tournament,Kuala Lumpur,Malaysia,True
1979-07-13,Myanmar,Indonesia,4.0,0.0,Merdeka Tournament,Kuala Lumpur,Malaysia,True
1979-09-09,Indonesia,Thailand,0.0,2.0,Korea Cup,Seoul,South Korea,True
1979-09-22,Indonesia,Singapore,3.0,0.0,Southeast Asian Games,Jakarta,Indonesia,False
1979-09-22,Thailand,Myanmar,1.0,0.0,Southeast Asian Games,Jakarta,Indonesia,True
1979-09-23,Singapore,Malaysia,0.0,2.0,Southeast Asian Games,Jakarta,Indonesia,True
1979-09-23,Indonesia,Thailand,1.0,3.0,Southeast Asian Games,Jakarta,Indonesia,False
1979-09-25,Malaysia,Myanmar,0.0,0.0,Southeast Asian Games,Jakarta,Indonesia,True
1979-09-25,Singapore,Thailand,2.0,2.0,Southeast Asian Games,Jakarta,Indonesia,True
1979-09-26,Myanmar,Singapore,1.0,2.0,Southeast Asian Games,Jakarta,Indonesia,True
1979-09-26,Indonesia,Malaysia,0.0,0.0,Southeast Asian Games,Jakarta,Indonesia,False
1979-09-28,Malaysia,Thailand,1.0,0.0,Southeast Asian Games,Jakarta,Indonesia,True
1979-09-28,Indonesia,Myanmar,2.0,1.0,Southeast Asian Games,Jakarta,Indonesia,False
1979-09-29,Indonesia,Thailand,0.0,0.0,Southeast Asian Games,Jakarta,Indonesia,False
1979-09-30,Indonesia,Malaysia,0.0,1.0,Southeast Asian Games,Jakarta,Indonesia,False
1979-11-24,Thailand,Indonesia,3.0,0.0,King's Cup,Bangkok,Thailand,False
1980-08-23,Indonesia,Thailand,2.0,1.0,Korea Cup,Seoul,South Korea,True
1980-08-29,Malaysia,Thailand,1.0,4.0,Korea Cup,Seoul,South Korea,True
1980-08-31,Indonesia,Malaysia,1.0,1.0,Korea Cup,Seoul,South Korea,True
1980-10-17,Malaysia,Myanmar,3.0,2.0,Merdeka Tournament,Kuala Lumpur,Malaysia,False
1980-10-20,Malaysia,Thailand,2.0,2.0,Merdeka Tournament,Kuala Lumpur,Malaysia,False
1980-10-22,Myanmar,Thailand,1.0,2.0,Merdeka Tournament,Kuala Lumpur,Malaysia,True
1980-10-26,Indonesia,Thailand,1.0,1.0,Merdeka Tournament,Kuala Lumpur,Malaysia,True
1980-10-27,Malaysia,Indonesia,1.0,1.0,Merdeka Tournament,Kuala Lumpur,Malaysia,False
1980-10-31,Myanmar,Indonesia,1.0,0.0,Merdeka Tournament,Kuala Lumpur,Malaysia,True
1981-04-05,Singapore,Malaysia,1.0,1.0,Friendly,Kallang,Singapore,False
1981-04-17,Malaysia,Singapore,1.0,2.0,Friendly,Kuala Lumpur,Malaysia,False
1981-04-27,Malaysia,Thailand,2.0,2.0,FIFA World Cup qualification,Kuwait City,Kuwait,True
1981-06-20,Indonesia,Thailand,1.0,3.0,Korea Cup,Seoul,South Korea,True
1981-08-14,Indonesia,Philippines,3.0,0.0,Indonesia Tournament,Jakarta,Indonesia,False
1981-09-01,Singapore,Thailand,1.0,3.0,Merdeka Tournament,Kuala Lumpur,Malaysia,True
1981-09-09,Malaysia,Indonesia,2.0,0.0,Merdeka Tournament,Kuala Lumpur,Malaysia,False
1981-11-09,Thailand,Singapore,2.0,1.0,King's Cup,Bangkok,Thailand,False
1981-11-11,Malaysia,Singapore,0.0,1.0,King's Cup,Chonburi,Thailand,True
1981-11-15,Thailand,Malaysia,2.0,0.0,King's Cup,Bangkok,Thailand,False
1981-12-06,Malaysia,Myanmar,1.0,0.0,Southeast Asian Games,Manila,Philippines,True
1981-12-07,Indonesia,Singapore,1.0,0.0,Southeast Asian Games,Manila,Philippines,True
1981-12-08,Malaysia,Thailand,2.0,2.0,Southeast Asian Games,Manila,Philippines,True
1981-12-09,Philippines,Singapore,0.0,4.0,Southeast Asian Games,Manila,Philippines,False
1981-12-11,Thailand,Myanmar,3.0,3.0,Southeast Asian Games,Manila,Philippines,True
1981-12-11,Philippines,Indonesia,0.0,2.0,Southeast Asian Games,Manila,Philippines,False
1981-12-13,Malaysia,Singapore,1.0,1.0,Southeast Asian Games,Manila,Philippines,True
1981-12-13,Thailand,Indonesia,2.0,1.0,Southeast Asian Games,Manila,Philippines,True
1981-12-14,Indonesia,Singapore,2.0,0.0,Southeast Asian Games,Manila,Philippines,True
1981-12-15,Thailand,Malaysia,2.0,1.0,Southeast Asian Games,Manila,Philippines,True
1982-05-01,Thailand,Singapore,1.0,1.0,King's Cup,Bangkok,Thailand,False
1982-05-06,Philippines,Singapore,0.0,1.0,King's Cup,Bangkok,Thailand,True
1982-05-13,Thailand,Singapore,1.0,0.0,King's Cup,Bangkok,Thailand,False
1982-05-15,Thailand,Singapore,2.0,2.0,King's Cup,Bangkok,Thailand,False
1982-06-10,Malaysia,Thailand,1.0,1.0,Korea Cup,Busan,South Korea,True
1982-08-05,Malaysia,Indonesia,0.0,2.0,Merdeka Tournament,Kuala Lumpur,Malaysia,False
1982-08-14,Singapore,Thailand,2.0,0.0,Merdeka Tournament,Kuala Lumpur,Malaysia,True
1982-10-05,Singapore,Malaysia,0.0,1.0,Merlion Cup,Kallang,Singapore,False
1982-10-17,Indonesia,Malaysia,0.0,0.0,Merlion Cup,Kallang,Singapore,True
1982-11-10,Singapore,Malaysia,3.0,1.0,Friendly,Kallang,Singapore,False
1983-05-28,Singapore,Malaysia,2.0,1.0,Southeast Asian Games,Singapore,Singapore,False
1983-05-29,Thailand,Indonesia,5.0,0.0,Southeast Asian Games,Singapore,Singapore,True
1983-05-30,Philippines,Malaysia,0.0,0.0,Southeast Asian Games,Singapore,Singapore,True
1983-05-31,Indonesia,Myanmar,2.0,1.0,Southeast Asian Games,Singapore,Singapore,True
1983-06-01,Singapore,Philippines,5.0,0.0,Southeast Asian Games,Singapore,Singapore,False
1983-06-02,Myanmar,Thailand,1.0,0.0,Southeast Asian Games,Singapore,Singapore,True
1983-06-04,Thailand,Malaysia,1.0,1.0,Southeast Asian Games,Singapore,Singapore,True
1983-06-06,Singapore,Thailand,1.0,2.0,Southeast Asian Games,Singapore,Singapore,False
1983-06-08,Indonesia,Thailand,0.0,3.0,Korea Cup,Seoul,South Korea,True
1983-09-03,Malaysia,Singapore,0.0,0.0,Friendly,Kuala Lumpur,Malaysia,False
1983-09-10,Singapore,Malaysia,0.0,1.0,Friendly,Kallang,Singapore,False
1984-08-06,Indonesia,Thailand,2.0,1.0,AFC Asian Cup qualification,Jakarta,Indonesia,False
1984-08-09,Thailand,Philippines,3.0,0.0,AFC Asian Cup qualification,Jakarta,Indonesia,True
1984-08-11,Indonesia,Philippines,1.0,0.0,AFC Asian Cup qualification,Solo,Indonesia,False
1984-08-12,Malaysia,Singapore,1.0,0.0,Friendly,Kuala Lumpur,Malaysia,False
1984-08-18,Singapore,Malaysia,1.0,1.0,Friendly,Kallang,Singapore,False
1984-08-26,Malaysia,Indonesia,2.0,2.0,Merdeka Tournament,Kuala Lumpur,Malaysia,False
1985-03-15,Indonesia,Thailand,1.0,0.0,FIFA World Cup qualification,Jakarta,Indonesia,False
1985-03-29,Thailand,Indonesia,0.0,1.0,FIFA World Cup qualification,Bangkok,Thailand,False
1985-08-12,Indonesia,Thailand,1.0,2.0,Indonesia Tournament,Jakarta,Indonesia,False
1985-10-20,Singapore,Malaysia,2.0,0.0,Merlion Cup,Kallang,Singapore,False
1985-10-23,Singapore,Malaysia,4.0,0.0,Merlion Cup,Kallang,Singapore,False
1985-10-26,Myanmar,Indonesia,2.0,1.0,Friendly,Yangon,Burma,False
1985-12-08,Thailand,Malaysia,1.0,1.0,Southeast Asian Games,Bangkok,Thailand,False
1985-12-09,Indonesia,Singapore,0.0,1.0,Southeast Asian Games,Bangkok,Thailand,True
1985-12-10,Malaysia,Philippines,6.0,0.0,Southeast Asian Games,Bangkok,Thailand,True
1985-12-12,Thailand,Philippines,7.0,0.0,Southeast Asian Games,Bangkok,Thailand,False
1985-12-15,Singapore,Malaysia,2.0,2.0,Southeast Asian Games,Bangkok,Thailand,True
1985-12-15,Thailand,Indonesia,7.0,0.0,Southeast Asian Games,Bangkok,Thailand,False
1985-12-16,Malaysia,Indonesia,1.0,0.0,Southeast Asian Games,Bangkok,Thailand,True
1985-12-18,Thailand,Singapore,2.0,0.0,Southeast Asian Games,Bangkok,Thailand,False
1986-03-05,Thailand,Indonesia,1.0,1.0,King's Cup,Bangkok,Thailand,False
1986-07-26,Malaysia,Thailand,2.0,0.0,Merdeka Tournament,Kuala Lumpur,Malaysia,False
1986-09-27,Indonesia,Malaysia,1.0,0.0,Asian Games,Gwangju,South Korea,True
1987-09-10,Singapore,Malaysia,0.0,0.0,Southeast Asian Games,Jakarta,Indonesia,True
1987-09-14,Indonesia,Thailand,0.0,0.0,Southeast Asian Games,Jakarta,Indonesia,False
1987-09-16,Thailand,Malaysia,0.0,2.0,Southeast Asian Games,Jakarta,Indonesia,True
1987-09-20,Indonesia,Malaysia,1.0,0.0,Southeast Asian Games,Jakarta,Indonesia,False
1988-01-14,Thailand,Indonesia,3.0,3.0,King's Cup,Bangkok,Thailand,False
1988-08-05,Indonesia,Thailand,1.0,0.0,Indonesia Tournament,Jakarta,Indonesia,False
1988-12-08,Malaysia,Indonesia,0.0,0.0,Merdeka Tournament,Kuala Lumpur,Malaysia,False
1988-12-10,Malaysia,Thailand,0.0,0.0,Merdeka Tournament,Kuala Lumpur,Malaysia,False
1988-12-12,Indonesia,Thailand,0.0,0.0,Merdeka Tournament,Kuala Lumpur,Malaysia,True
1989-01-28,Thailand,Malaysia,1.0,0.0,King's Cup,Bangkok,Thailand,False
1989-01-30,Thailand,Indonesia,3.0,0.0,King's Cup,Bangkok,Thailand,False
1989-02-03,Indonesia,Malaysia,1.0,3.0,King's Cup,Bangkok,Thailand,True
1989-05-13,Singapore,Indonesia,1.0,2.0,Friendly,Singapore,Singapore,False
1989-05-25,Malaysia,Singapore,1.0,0.0,FIFA World Cup qualification,Seoul,South Korea,True
1989-06-03,Singapore,Malaysia,2.0,2.0,FIFA World Cup qualification,Singapore,Singapore,False
1989-08-21,Malaysia,Philippines,3.0,0.0,Southeast Asian Games,Kuala Lumpur,Malaysia,False
1989-08-22,Thailand,Myanmar,3.0,0.0,Southeast Asian Games,Kuala Lumpur,Malaysia,True
1989-08-23,Indonesia,Philippines,5.0,1.0,Southeast Asian Games,Kuala Lumpur,Malaysia,True
1989-08-24,Singapore,Thailand,1.0,1.0,Southeast Asian Games,Kuala Lumpur,Malaysia,True
1989-08-25,Malaysia,Indonesia,2.0,0.0,Southeast Asian Games,Kuala Lumpur,Malaysia,False
1989-08-26,Singapore,Myanmar,4.0,0.0,Southeast Asian Games,Kuala Lumpur,Malaysia,True
1989-08-28,Singapore,Indonesia,1.0,0.0,Southeast Asian Games,Kuala Lumpur,Malaysia,True
1989-08-28,Malaysia,Thailand,1.0,0.0,Southeast Asian Games,Kuala Lumpur,Malaysia,False
1989-08-30,Indonesia,Thailand,1.0,1.0,Southeast Asian Games,Kuala Lumpur,Malaysia,True
1989-08-31,Malaysia,Singapore,3.0,1.0,Southeast Asian Games,Kuala Lumpur,Malaysia,False
1990-02-05,Thailand,Indonesia,1.0,1.0,King's Cup,Bangkok,Thailand,False
1990-08-18,Indonesia,Singapore,6.0,0.0,Friendly,Jakarta,Indonesia,False
1990-09-13,Singapore,Malaysia,3.0,0.0,Friendly,Singapore,Singapore,False
1991-02-06,Malaysia,Indonesia,1.0,2.0,Merdeka Tournament,Kuala Lumpur,Malaysia,False
1991-10-05,Singapore,Indonesia,2.0,0.0,Friendly,Singapore,Singapore,False
1991-11-25,Singapore,Thailand,0.0,0.0,Southeast Asian Games,Manila,Philippines,True
1991-11-26,Indonesia,Malaysia,2.0,0.0,Southeast Asian Games,Manila,Philippines,True
1991-11-26,Philippines,Vietnam,2.0,2.0,Southeast Asian Games,Manila,Philippines,False
1991-11-27,Thailand,Myanmar,4.0,0.0,Southeast Asian Games,Manila,Philippines,True
1991-11-28,Indonesia,Vietnam,1.0,0.0,Southeast Asian Games,Manila,Philippines,True
1991-11-28,Philippines,Malaysia,1.0,0.0,Southeast Asian Games,Manila,Philippines,False
1991-11-29,Singapore,Myanmar,2.0,1.0,Southeast Asian Games,Manila,Philippines,True
1991-11-30,Philippines,Indonesia,1.0,2.0,Southeast Asian Games,Manila,Philippines,False
1991-11-30,Malaysia,Vietnam,2.0,1.0,Southeast Asian Games,Manila,Philippines,True
1991-12-02,Philippines,Thailand,2.0,6.0,Southeast Asian Games,Manila,Philippines,False
1991-12-02,Indonesia,Singapore,0.0,0.0,Southeast Asian Games,Manila,Philippines,True
1991-12-04,Philippines,Singapore,0.0,2.0,Southeast Asian Games,Manila,Philippines,False
1991-12-04,Indonesia,Thailand,0.0,0.0,Southeast Asian Games,Manila,Philippines,True
1992-04-19,Singapore,Malaysia,1.0,1.0,AFC Asian Cup qualification,Singapore,Singapore,False
1992-04-22,Singapore,Indonesia,1.0,2.0,AFC Asian Cup qualification,Singapore,Singapore,False
1992-04-24,Indonesia,Malaysia,1.0,1.0,AFC Asian Cup qualification,Singapore,Singapore,True
1992-08-08,Indonesia,Malaysia,1.0,1.0,Friendly,Jakarta,Indonesia,False
1992-12-08,Singapore,Malaysia,3.0,0.0,Merlion Cup,Kallang,Singapore,False
1993-02-05,Malaysia,Singapore,2.0,1.0,Merdeka Tournament,Kuala Lumpur,Malaysia,False
1993-02-07,Malaysia,Thailand,1.0,1.0,Merdeka Tournament,Kuala Lumpur,Malaysia,False
1993-02-09,Singapore,Thailand,1.0,1.0,Merdeka Tournament,Kuala Lumpur,Malaysia,True
1993-04-13,Vietnam,Singapore,2.0,3.0,FIFA World Cup qualification,Doha,Qatar,True
1993-04-16,Vietnam,Indonesia,1.0,0.0,FIFA World Cup qualification,Doha,Qatar,True
1993-04-18,Indonesia,Singapore,0.0,2.0,FIFA World Cup qualification,Doha,Qatar,True
1993-04-28,Singapore,Vietnam,1.0,0.0,FIFA World Cup qualification,Singapore,Singapore,False
1993-04-30,Indonesia,Vietnam,2.0,1.0,FIFA World Cup qualification,Singapore,Singapore,True
1993-05-02,Singapore,Indonesia,2.0,1.0,FIFA World Cup qualification,Singapore,Singapore,False
1993-06-07,Thailand,Myanmar,2.0,0.0,Southeast Asian Games,Singapore,Singapore,True
1993-06-09,Singapore,Philippines,7.0,0.0,Southeast Asian Games,Singapore,Singapore,False
1993-06-09,Indonesia,Vietnam,1.0,0.0,Southeast Asian Games,Singapore,Singapore,True
1993-06-11,Singapore,Indonesia,1.0,1.0,Southeast Asian Games,Singapore,Singapore,False
1993-06-11,Vietnam,Philippines,1.0,0.0,Southeast Asian Games,Singapore,Singapore,True
1993-06-13,Myanmar,Malaysia,2.0,1.0,Southeast Asian Games,Singapore,Singapore,True
1993-06-15,Singapore,Vietnam,2.0,0.0,Southeast Asian Games,Singapore,Singapore,False
1993-06-15,Indonesia,Philippines,3.0,1.0,Southeast Asian Games,Singapore,Singapore,True
1993-06-15,Thailand,Malaysia,2.0,0.0,Southeast Asian Games,Jurong Stadium,Singapore,True
1993-06-17,Singapore,Myanmar,3.0,3.0,Southeast Asian Games,Singapore,Singapore,False
1993-06-17,Thailand,Indonesia,1.0,0.0,Southeast Asian Games,Singapore,Singapore,True
1993-06-19,Singapore,Indonesia,3.0,1.0,Southeast Asian Games,Singapore,Singapore,False
1993-06-20,Thailand,Myanmar,4.0,3.0,Southeast Asian Games,Singapore,Singapore,True
1994-08-12,Myanmar,Thailand,2.0,2.0,Friendly,Surabaya,Indonesia,True
1994-10-09,Thailand,Malaysia,1.0,1.0,Asian Games,Hiroshima,Japan,True
1995-08-01,Indonesia,Singapore,0.0,0.0,Friendly,Jakarta,Indonesia,False
1995-12-04,Thailand,Indonesia,2.0,1.0,Southeast Asian Games,Chiang Mai,Thailand,False
1995-12-04,Vietnam,Malaysia,2.0,0.0,Southeast Asian Games,Chiang Mai,Thailand,True
1995-12-04,Myanmar,Philippines,4.0,1.0,Southeast Asian Games,Chiang Mai,Thailand,True
1995-12-06,Thailand,Malaysia,0.0,0.0,Southeast Asian Games,Chiang Mai,Thailand,False
1995-12-06,Indonesia,Cambodia,10.0,0.0,Southeast Asian Games,Chiang Mai,Thailand,True
1995-12-06,Singapore,Myanmar,4.0,2.0,Southeast Asian Games,Chiang Mai,Thailand,True
1995-12-08,Vietnam,Cambodia,4.0,0.0,Southeast Asian Games,Chiang Mai,Thailand,True
1995-12-08,Indonesia,Malaysia,3.0,0.0,Southeast Asian Games,Chiang Mai,Thailand,True
1995-12-08,Singapore,Philippines,4.0,0.0,Southeast Asian Games,Chiang Mai,Thailand,True
1995-12-10,Thailand,Vietnam,3.0,1.0,Southeast Asian Games,Chiang Mai,Thailand,False
1995-12-10,Malaysia,Cambodia,9.0,0.0,Southeast Asian Games,Chiang Mai,Thailand,True
1995-12-12,Thailand,Cambodia,9.0,0.0,Southeast Asian Games,Chiang Mai,Thailand,False
1995-12-12,Vietnam,Indonesia,1.0,0.0,Southeast Asian Games,Chiang Mai,Thailand,True
1995-12-14,Thailand,Singapore,1.0,0.0,Southeast Asian Games,Chiang Mai,Thailand,False
1995-12-14,Vietnam,Myanmar,2.0,1.0,Southeast Asian Games,Chiang Mai,Thailand,True
1995-12-16,Singapore,Myanmar,1.0,0.0,Southeast Asian Games,Chiang Mai,Thailand,True
1995-12-16,Thailand,Vietnam,4.0,0.0,Southeast Asian Games,Chiang Mai,Thailand,False
1996-02-23,Thailand,Indonesia,4.0,1.0,Friendly,Bangkok,Thailand,False
1996-03-02,Malaysia,Indonesia,1.0,1.0,AFC Asian Cup qualification,Kuala Lumpur,Malaysia,False
1996-06-27,Myanmar,Singapore,0.0,4.0,AFC Asian Cup qualification,Bangkok,Thailand,True
1996-06-29,Thailand,Myanmar,5.0,1.0,AFC Asian Cup qualification,Bangkok,Thailand,False
1996-07-01,Thailand,Singapore,1.0,1.0,AFC Asian Cup qualification,Bangkok,Thailand,False
1996-07-04,Singapore,Myanmar,2.0,2.0,AFC Asian Cup qualification,Singapore,Singapore,False
1996-07-07,Myanmar,Thailand,1.0,7.0,AFC Asian Cup qualification,Singapore,Singapore,True
1996-07-09,Singapore,Thailand,2.0,2.0,AFC Asian Cup qualification,Singapore,Singapore,False
1996-09-01,Singapore,Malaysia,1.0,1.0,AFF Championship,Singapore,Singapore,False
1996-09-02,Cambodia,Vietnam,1.0,3.0,AFF Championship,Singapore,Singapore,True
1996-09-02,Philippines,Thailand,0.0,5.0,AFF Championship,Singapore,Singapore,True
1996-09-04,Malaysia,Philippines,7.0,0.0,AFF Championship,Singapore,Singapore,True
1996-09-05,Myanmar,Cambodia,5.0,0.0,AFF Championship,Singapore,Singapore,True
1996-09-06,Singapore,Philippines,3.0,0.0,AFF Championship,Singapore,Singapore,False
1996-09-07,Myanmar,Vietnam,1.0,4.0,AFF Championship,Singapore,Singapore,True
1996-09-07,Indonesia,Cambodia,3.0,0.0,AFF Championship,Singapore,Singapore,True
1996-09-08,Thailand,Malaysia,1.0,1.0,AFF Championship,Singapore,Singapore,True
1996-09-09,Indonesia,Myanmar,6.0,1.0,AFF Championship,Singapore,Singapore,True
1996-09-10,Singapore,Thailand,0.0,1.0,AFF Championship,Singapore,Singapore,False
1996-09-11,Vietnam,Indonesia,1.0,1.0,AFF Championship,Singapore,Singapore,True
1996-09-13,Malaysia,Indonesia,3.0,1.0,AFF Championship,Singapore,Singapore,True
1996-09-13,Thailand,Vietnam,4.0,2.0,AFF Championship,Singapore,Singapore,True
1996-09-15,Indonesia,Vietnam,2.0,3.0,AFF Championship,Singapore,Singapore,True
1996-09-15,Thailand,Malaysia,1.0,0.0,AFF Championship,Singapore,Singapore,True
1997-02-23,Malaysia,Singapore,0.0,0.0,Dunhill Cup,Kuala Lumpur,Malaysia,False
1997-02-24,Indonesia,Vietnam,1.0,0.0,Dunhill Cup,Kuala Lumpur,Malaysia,True
1997-04-06,Indonesia,Cambodia,8.0,0.0,FIFA World Cup qualification,Jakarta,Indonesia,False
1997-04-27,Cambodia,Indonesia,1.0,1.0,FIFA World Cup qualification,Phnom Penh,Cambodia,False
1997-10-05,Vietnam,Malaysia,0.0,1.0,Southeast Asian Games,Jakarta,Indonesia,True
1997-10-05,Thailand,Myanmar,2.0,1.0,Southeast Asian Games,Jakarta,Indonesia,True
1997-10-07,Malaysia,Philippines,4.0,0.0,Southeast Asian Games,Jakarta,Indonesia,True
1997-10-07,Indonesia,Vietnam,2.0,2.0,Southeast Asian Games,Jakarta,Indonesia,False
1997-10-07,Singapore,Myanmar,2.0,2.0,Southeast Asian Games,Jakarta,Indonesia,True
1997-10-09,Indonesia,Malaysia,4.0,0.0,Southeast Asian Games,Jakarta,Indonesia,False
1997-10-09,Singapore,Cambodia,2.0,1.0,Southeast Asian Games,Jakarta,Indonesia,True
1997-10-12,Indonesia,Philippines,2.0,0.0,Southeast Asian Games,Jakarta,Indonesia,False
1997-10-12,Thailand,Cambodia,4.0,0.0,Southeast Asian Games,Jakarta,Indonesia,True
1997-10-14,Vietnam,Philippines,3.0,0.0,Southeast Asian Games,Jakarta,Indonesia,True
1997-10-14,Myanmar,Cambodia,1.0,3.0,Southeast Asian Games,Jakarta,Indonesia,True
1997-10-14,Singapore,Thailand,0.0,0.0,Southeast Asian Games,Jakarta,Indonesia,True
1997-10-16,Thailand,Vietnam,2.0,1.0,Southeast Asian Games,Jakarta,Indonesia,True
1997-10-16,Indonesia,Singapore,2.0,1.0,Southeast Asian Games,Jakarta,Indonesia,False
1997-10-18,Vietnam,Singapore,1.0,0.0,Southeast Asian Games,Jakarta,Indonesia,True
1997-10-18,Indonesia,Thailand,1.0,1.0,Southeast Asian Games,Jakarta,Indonesia,False
1998-03-24,Singapore,Philippines,1.0,0.0,AFF Championship qualification,Singapore,Singapore,False
1998-03-26,Cambodia,Philippines,1.0,1.0,AFF Championship qualification,Singapore,Singapore,True
1998-03-28,Singapore,Cambodia,3.0,0.0,AFF Championship qualification,Singapore,Singapore,False
1998-08-26,Malaysia,Singapore,0.0,2.0,AFF Championship,Hanoi,Vietnam,True
1998-08-27,Indonesia,Philippines,3.0,0.0,AFF Championship,Ho Chi Minh City,Vietnam,True
1998-08-27,Thailand,Myanmar,1.0,1.0,AFF Championship,Ho Chi Minh City,Vietnam,True
1998-08-28,Vietnam,Singapore,0.0,0.0,AFF Championship,Hanoi,Vietnam,False
1998-08-29,Indonesia,Myanmar,6.0,2.0,AFF Championship,Ho Chi Minh City,Vietnam,True
1998-08-29,Thailand,Philippines,3.0,1.0,AFF Championship,Ho Chi Minh City,Vietnam,True
1998-08-30,Vietnam,Malaysia,1.0,0.0,AFF Championship,Hanoi,Vietnam,False
1998-08-31,Myanmar,Philippines,5.0,2.0,AFF Championship,Ho Chi Minh City,Vietnam,True
1998-08-31,Thailand,Indonesia,3.0,2.0,AFF Championship,Ho Chi Minh City,Vietnam,True
1998-09-02,Singapore,Indonesia,2.0,1.0,AFF Championship,Ho Chi Minh City,Vietnam,True
1998-09-03,Vietnam,Thailand,3.0,0.0,AFF Championship,Hanoi,Vietnam,False
1998-09-05,Indonesia,Thailand,3.0,3.0,AFF Championship,Ho Chi Minh City,Vietnam,True
1998-09-05,Vietnam,Singapore,0.0,1.0,AFF Championship,Hanoi,Vietnam,False
1999-01-29,Vietnam,Singapore,1.0,0.0,Friendly,Ho Chi Minh City,Vietnam,False
1999-07-30,Thailand,Philippines,9.0,0.0,Southeast Asian Games,Bandar Seri Begawan,Brunei,True
1999-07-31,Indonesia,Cambodia,1.0,0.0,Southeast Asian Games,Bandar Seri Begawan,Brunei,True
1999-07-31,Singapore,Malaysia,2.0,1.0,Southeast Asian Games,Bandar Seri Begawan,Brunei,True
1999-08-01,Myanmar,Philippines,4.0,1.0,Southeast Asian Games,Bandar Seri Begawan,Brunei,True
1999-08-02,Indonesia,Malaysia,6.0,0.0,Southeast Asian Games,Bandar Seri Begawan,Brunei,True
1999-08-03,Myanmar,Vietnam,0.0,2.0,Southeast Asian Games,Bandar Seri Begawan,Brunei,True
1999-08-04,Cambodia,Malaysia,2.0,7.0,Southeast Asian Games,Bandar Seri Begawan,Brunei,True
1999-08-05,Vietnam,Thailand,0.0,0.0,Southeast Asian Games,Bandar Seri Begawan,Brunei,True
1999-08-06,Indonesia,Singapore,1.0,1.0,Southeast Asian Games,Bandar Seri Begawan,Brunei,True
1999-08-08,Philippines,Vietnam,0.0,2.0,Southeast Asian Games,Bandar Seri Begawan,Brunei,True
1999-08-08,Thailand,Myanmar,7.0,0.0,Southeast Asian Games,Bandar Seri Begawan,Brunei,True
1999-08-09,Cambodia,Singapore,0.0,2.0,Southeast Asian Games,Bandar Seri Begawan,Brunei,True
1999-08-12,Thailand,Singapore,2.0,0.0,Southeast Asian Games,Bandar Seri Begawan,Brunei,True
1999-08-12,Indonesia,Vietnam,0.0,1.0,Southeast Asian Games,Bandar Seri Begawan,Brunei,True
1999-08-14,Indonesia,Singapore,0.0,0.0,Southeast Asian Games,Bandar Seri Begawan,Brunei,True
1999-08-14,Thailand,Vietnam,2.0,0.0,Southeast Asian Games,Bandar Seri Begawan,Brunei,True
1999-10-30,Cambodia,Indonesia,1.0,5.0,AFC Asian Cup qualification,Phnom Penh,Cambodia,False
1999-11-20,Indonesia,Cambodia,9.0,2.0,AFC Asian Cup qualification,Jakarta,Indonesia,False
1999-12-28,Malaysia,Singapore,1.0,0.0,Friendly,Dubai,United Arab Emirates,True
2000-01-26,Vietnam,Philippines,3.0,0.0,AFC Asian Cup qualification,Hanoi,Vietnam,False
2000-02-07,Singapore,Malaysia,3.0,1.0,Friendly,Singapore,Singapore,False
2000-03-29,Malaysia,Thailand,3.0,2.0,AFC Asian Cup qualification,Kuala Lumpur,Malaysia,False
2000-04-08,Thailand,Malaysia,3.0,2.0,AFC Asian Cup qualification,Bangkok,Thailand,False
2000-08-06,Malaysia,Myanmar,6.0,0.0,Friendly,Kuala Lumpur,Malaysia,False
2000-08-09,Malaysia,Myanmar,1.0,2.0,Friendly,Ipoh,Malaysia,False
2000-08-28,Indonesia,Myanmar,4.0,1.0,Friendly,Jakarta,Indonesia,False
2000-10-14,Malaysia,Cambodia,2.0,0.0,Friendly,Kuala Lumpur,Malaysia,False
2000-10-17,Malaysia,Cambodia,1.0,1.0,Friendly,Kuala Lumpur,Malaysia,False
2000-11-01,Singapore,Indonesia,1.0,0.0,Friendly,Singapore,Singapore,False
2000-11-05,Singapore,Cambodia,1.0,0.0,AFF Championship,Songkhla,Thailand,True
2000-11-05,Vietnam,Malaysia,0.0,0.0,AFF Championship,Songkhla,Thailand,True
2000-11-06,Indonesia,Philippines,3.0,0.0,AFF Championship,Chiang Mai,Thailand,True
2000-11-06,Thailand,Myanmar,3.0,1.0,AFF Championship,Chiang Mai,Thailand,False
2000-11-07,Cambodia,Vietnam,0.0,6.0,AFF Championship,Songkhla,Thailand,True
2000-11-08,Myanmar,Philippines,3.0,0.0,AFF Championship,Chiang Mai,Thailand,True
2000-11-09,Malaysia,Cambodia,3.0,2.0,AFF Championship,Songkhla,Thailand,True
2000-11-10,Thailand,Indonesia,4.0,1.0,AFF Championship,Chiang Mai,Thailand,False
2000-11-11,Vietnam,Singapore,1.0,0.0,AFF Championship,Songkhla,Thailand,True
2000-11-12,Myanmar,Indonesia,0.0,5.0,AFF Championship,Chiang Mai,Thailand,True
2000-11-12,Thailand,Philippines,2.0,0.0,AFF Championship,Chiang Mai,Thailand,False
2000-11-13,Malaysia,Singapore,1.0,0.0,AFF Championship,Songkhla,Thailand,True
2000-11-16,Thailand,Malaysia,2.0,0.0,AFF Championship,Bangkok,Thailand,False
2000-11-16,Vietnam,Indonesia,2.0,3.0,AFF Championship,Bangkok,Thailand,True
2000-11-18,Thailand,Indonesia,4.0,1.0,AFF Championship,Bangkok,Thailand,False
2000-11-18,Vietnam,Malaysia,0.0,3.0,AFF Championship,Bangkok,Thailand,True
2001-01-27,Singapore,Thailand,1.0,1.0,Friendly,Singapore,Singapore,False
2001-04-22,Indonesia,Cambodia,6.0,0.0,FIFA World Cup qualification,Jakarta,Indonesia,False
2001-04-29,Cambodia,Indonesia,0.0,2.0,FIFA World Cup qualification,Phnom Penh,Cambodia,False
2001-08-13,Singapore,Thailand,0.0,5.0,Friendly,Singapore,Singapore,False
2002-02-10,Thailand,Singapore,4.0,0.0,King's Cup,Bangkok,Thailand,False
2002-05-17,Myanmar,Malaysia,1.0,1.0,Friendly,Yangon,Myanmar,False
2002-05-19,Myanmar,Malaysia,0.0,0.0,Friendly,Yangon,Myanmar,False
2002-07-16,Malaysia,Singapore,1.0,2.0,Friendly,Kuantan,Malaysia,False
2002-11-10,Singapore,Indonesia,1.0,1.0,Friendly,Singapore,Singapore,False
2002-12-08,Thailand,Vietnam,2.0,1.0,Friendly,Bangkok,Thailand,False
2002-12-11,Malaysia,Cambodia,5.0,0.0,Friendly,Petaling Jaya,Malaysia,False
2002-12-11,Singapore,Philippines,2.0,0.0,Friendly,Singapore,Singapore,False
2002-12-15,Indonesia,Myanmar,0.0,0.0,AFF Championship,Jakarta,Indonesia,False
2002-12-15,Vietnam,Cambodia,9.0,2.0,AFF Championship,Jakarta,Indonesia,True
2002-12-17,Indonesia,Cambodia,4.0,2.0,AFF Championship,Jakarta,Indonesia,False
2002-12-17,Philippines,Myanmar,1.0,6.0,AFF Championship,Jakarta,Indonesia,True
2002-12-18,Singapore,Malaysia,0.0,4.0,AFF Championship,Singapore,Singapore,False
2002-12-19,Myanmar,Cambodia,5.0,0.0,AFF Championship,Jakarta,Indonesia,True
2002-12-19,Vietnam,Philippines,4.0,1.0,AFF Championship,Jakarta,Indonesia,True
2002-12-20,Thailand,Malaysia,1.0,3.0,AFF Championship,Singapore,Singapore,True
2002-12-21,Cambodia,Philippines,1.0,0.0,AFF Championship,Jakarta,Indonesia,True
2002-12-21,Indonesia,Vietnam,2.0,2.0,AFF Championship,Jakarta,Indonesia,False
2002-12-22,Singapore,Thailand,1.0,1.0,AFF Championship,Singapore,Singapore,False
2002-12-23,Myanmar,Vietnam,2.0,4.0,AFF Championship,Jakarta,Indonesia,True
2002-12-23,Indonesia,Philippines,13.0,1.0,AFF Championship,Jakarta,Indonesia,False
2002-12-27,Indonesia,Malaysia,1.0,0.0,AFF Championship,Jakarta,Indonesia,False
2002-12-27,Vietnam,Thailand,0.0,4.0,AFF Championship,Jakarta,Indonesia,True
2002-12-29,Indonesia,Thailand,2.0,2.0,AFF Championship,Jakarta,Indonesia,False
2002-12-29,Vietnam,Malaysia,2.0,1.0,AFF Championship,Jakarta,Indonesia,True
2003-09-26,Malaysia,Indonesia,1.0,1.0,Friendly,Kuala Lumpur,Malaysia,False
2003-10-08,Malaysia,Myanmar,4.0,0.0,AFC Asian Cup qualification,Kuala Lumpur,Malaysia,False
2003-10-24,Myanmar,Malaysia,2.0,1.0,AFC Asian Cup qualification,Riffa,Bahrain,True
2004-03-17,Malaysia,Indonesia,0.0,0.0,Friendly,Johor Bahru,Malaysia,False
2004-07-12,Malaysia,Singapore,2.0,0.0,Friendly,Kuala Lumpur,Malaysia,False
2004-08-19,Thailand,Malaysia,1.0,2.0,Friendly,Bangkok,Thailand,False
2004-08-20,Vietnam,Myanmar,5.0,0.0,Friendly,Ho Chi Minh City,Vietnam,False
2004-09-04,Singapore,Indonesia,2.0,0.0,Friendly,Singapore,Singapore,False
2004-11-28,Singapore,Myanmar,1.0,0.0,Friendly,Singapore,Singapore,False
2004-12-07,Vietnam,Singapore,1.0,1.0,AFF Championship,Ho Chi Minh City,Vietnam,False
2004-12-08,Philippines,Myanmar,0.0,1.0,AFF Championship,Kuala Lumpur,Malaysia,True
2004-12-09,Indonesia,Singapore,0.0,0.0,AFF Championship,Ho Chi Minh City,Vietnam,True
2004-12-09,Vietnam,Cambodia,9.0,1.0,AFF Championship,Ho Chi Minh City,Vietnam,False
2004-12-10,Malaysia,Philippines,4.0,1.0,AFF Championship,Kuala Lumpur,Malaysia,False
2004-12-10,Thailand,Myanmar,1.0,1.0,AFF Championship,Kuala Lumpur,Malaysia,True
2004-12-11,Vietnam,Indonesia,0.0,3.0,AFF Championship,Hanoi,Vietnam,False
2004-12-12,Malaysia,Myanmar,0.0,1.0,AFF Championship,Kuala Lumpur,Malaysia,False
2004-12-13,Indonesia,Cambodia,8.0,0.0,AFF Championship,Hanoi,Vietnam,True
2004-12-14,Malaysia,Thailand,2.0,1.0,AFF Championship,Kuala Lumpur,Malaysia,False
2004-12-15,Cambodia,Singapore,0.0,3.0,AFF Championship,Haiphong,Vietnam,True
2004-12-16,Thailand,Philippines,3.0,1.0,AFF Championship,Kuala Lumpur,Malaysia,True
2004-12-28,Indonesia,Malaysia,1.0,2.0,AFF Championship,Jakarta,Indonesia,False
2004-12-29,Myanmar,Singapore,3.0,4.0,AFF Championship,Kuala Lumpur,Malaysia,True
2005-01-02,Singapore,Myanmar,4.0,2.0,AFF Championship,Singapore,Singapore,False
2005-01-03,Malaysia,Indonesia,1.0,4.0,AFF Championship,Kuala Lumpur,Malaysia,False
2005-01-08,Indonesia,Singapore,1.0,3.0,AFF Championship,Jakarta,Indonesia,False
2005-01-15,Malaysia,Myanmar,2.0,1.0,AFF Championship,Singapore,Singapore,True
2005-01-16,Singapore,Indonesia,2.0,1.0,AFF Championship,Singapore,Singapore,False
2005-06-04,Singapore,Malaysia,2.0,0.0,Friendly,Singapore,Singapore,False
2005-06-08,Malaysia,Singapore,1.0,2.0,Friendly,George Town,Malaysia,False
2005-10-11,Cambodia,Singapore,0.0,2.0,Friendly,Phnom Penh,Cambodia,False
2006-03-26,Thailand,Philippines,5.0,0.0,Friendly,Chonburi,Thailand,False
2006-05-31,Singapore,Malaysia,0.0,0.0,Friendly,Singapore,Singapore,False
2006-06-03,Malaysia,Singapore,0.0,0.0,Friendly,Seremban,Malaysia,False
2006-08-23,Malaysia,Indonesia,1.0,1.0,Merdeka Tournament,Shah Alam,Malaysia,False
2006-08-25,Indonesia,Myanmar,0.0,0.0,Merdeka Tournament,Shah Alam,Malaysia,True
2006-08-27,Malaysia,Myanmar,1.0,2.0,Merdeka Tournament,Shah Alam,Malaysia,False
2006-08-29,Myanmar,Indonesia,2.0,1.0,Merdeka Tournament,Shah Alam,Malaysia,True
2006-11-11,Singapore,Indonesia,1.0,2.0,Friendly,Singapore,Singapore,False
2006-11-18,Philippines,Cambodia,1.0,0.0,AFF Championship qualification,Bacolod,Philippines,False
2006-12-24,Thailand,Vietnam,2.0,1.0,King's Cup,Bangkok,Thailand,False
2006-12-26,Thailand,Singapore,2.0,0.0,King's Cup,Bangkok,Thailand,False
2006-12-28,Singapore,Vietnam,2.0,3.0,King's Cup,Bangkok,Thailand,True
2006-12-30,Thailand,Vietnam,3.0,1.0,King's Cup,Bangkok,Thailand,False
2007-01-07,Singapore,Philippines,4.0,1.0,Friendly,Singapore,Singapore,False
2007-01-12,Malaysia,Philippines,4.0,0.0,AFF Championship,Bangkok,Thailand,True
2007-01-12,Thailand,Myanmar,1.0,1.0,AFF Championship,Bangkok,Thailand,False
2007-01-13,Singapore,Vietnam,0.0,0.0,AFF Championship,Singapore,Singapore,False
2007-01-14,Malaysia,Myanmar,0.0,0.0,AFF Championship,Bangkok,Thailand,True
2007-01-14,Thailand,Philippines,4.0,0.0,AFF Championship,Bangkok,Thailand,False
2007-01-15,Vietnam,Indonesia,1.0,1.0,AFF Championship,Singapore,Singapore,True
2007-01-16,Myanmar,Philippines,0.0,0.0,AFF Championship,Bangkok,Thailand,True
2007-01-16,Thailand,Malaysia,1.0,0.0,AFF Championship,Bangkok,Thailand,False
2007-01-17,Singapore,Indonesia,2.0,2.0,AFF Championship,Singapore,Singapore,False
2007-01-23,Malaysia,Singapore,1.0,1.0,AFF Championship,Shah Alam,Malaysia,False
2007-01-24,Vietnam,Thailand,0.0,2.0,AFF Championship,Hanoi,Vietnam,False
2007-01-27,Singapore,Malaysia,1.0,1.0,AFF Championship,Singapore,Singapore,False
2007-01-28,Thailand,Vietnam,0.0,0.0,AFF Championship,Bangkok,Thailand,False
2007-01-31,Singapore,Thailand,2.0,1.0,AFF Championship,Singapore,Singapore,False
2007-02-04,Thailand,Singapore,1.0,1.0,AFF Championship,Bangkok,Thailand,False
2007-06-18,Malaysia,Cambodia,6.0,0.0,Friendly,Shah Alam,Malaysia,False
2008-06-06,Indonesia,Malaysia,1.0,1.0,Friendly,Jakarta,Indonesia,False
2008-06-11,Indonesia,Vietnam,1.0,0.0,Friendly,Surabaya,Indonesia,False
2008-08-21,Indonesia,Cambodia,7.0,0.0,Friendly,Jakarta,Indonesia,False
2008-08-22,Cambodia,Myanmar,1.0,7.0,Friendly,Jakarta,Indonesia,True
2008-08-25,Indonesia,Myanmar,4.0,0.0,Friendly,Jakarta,Indonesia,False
2008-10-01,Vietnam,Myanmar,2.0,3.0,Friendly,Ho Chi Minh City,Vietnam,False
2008-10-14,Vietnam,Singapore,0.0,0.0,Friendly,Hanoi,Vietnam,False
2008-10-23,Cambodia,Philippines,2.0,3.0,AFF Championship qualification,Phnom Penh,Cambodia,False
2008-10-23,Malaysia,Myanmar,4.0,0.0,Merdeka Tournament,Kuala Lumpur,Malaysia,False
2008-11-15,Myanmar,Indonesia,2.0,1.0,Friendly,Yangon,Myanmar,False
2008-11-16,Vietnam,Thailand,2.0,2.0,VFF Cup,Hanoi,Vietnam,False
2008-11-18,Myanmar,Malaysia,4.0,1.0,Friendly,Yangon,Myanmar,False
2008-11-21,Myanmar,Indonesia,2.0,1.0,Friendly,Yangon,Myanmar,False
2008-11-29,Malaysia,Singapore,2.0,2.0,Friendly,Petaling Jaya,Malaysia,False
2008-12-05,Indonesia,Myanmar,3.0,0.0,AFF Championship,Jakarta,Indonesia,False
2008-12-05,Singapore,Cambodia,5.0,0.0,AFF Championship,Jakarta,Indonesia,True
2008-12-06,Thailand,Vietnam,2.0,0.0,AFF Championship,Phuket,Thailand,False
2008-12-07,Indonesia,Cambodia,4.0,0.0,AFF Championship,Jakarta,Indonesia,False
2008-12-07,Singapore,Myanmar,3.0,1.0,AFF Championship,Jakarta,Indonesia,True
2008-12-08,Malaysia,Vietnam,2.0,3.0,AFF Championship,Phuket,Thailand,True
2008-12-09,Myanmar,Cambodia,3.0,2.0,AFF Championship,Bandung,Indonesia,True
2008-12-09,Indonesia,Singapore,0.0,2.0,AFF Championship,Jakarta,Indonesia,False
2008-12-10,Thailand,Malaysia,3.0,0.0,AFF Championship,Phuket,Thailand,False
2008-12-16,Indonesia,Thailand,0.0,1.0,AFF Championship,Jakarta,Indonesia,False
2008-12-17,Vietnam,Singapore,0.0,0.0,AFF Championship,Hanoi,Vietnam,False
2008-12-24,Thailand,Vietnam,1.0,2.0,AFF Championship,Bangkok,Thailand,False
2008-12-28,Vietnam,Thailand,1.0,1.0,AFF Championship,Hanoi,Vietnam,False
2009-04-30,Myanmar,Cambodia,1.0,0.0,AFC Challenge Cup qualification,Dhaka,Bangladesh,True
2009-10-24,Vietnam,Singapore,2.0,2.0,Friendly,Ho Chi Minh City,Vietnam,False
2009-11-04,Singapore,Indonesia,3.0,1.0,Friendly,Singapore,Singapore,False
2009-11-14,Singapore,Thailand,1.0,3.0,AFC Asian Cup qualification,Singapore,Singapore,False
2009-11-18,Thailand,Singapore,0.0,1.0,AFC Asian Cup qualification,Bangkok,Thailand,False
2010-01-17,Thailand,Singapore,1.0,0.0,King's Cup,Nakhon Ratchasima,Thailand,False
2010-08-11,Thailand,Singapore,1.0,0.0,Friendly,Bangkok,Thailand,False
2010-10-26,Philippines,Cambodia,0.0,0.0,AFF Championship qualification,Vientiane,Laos,True
2010-11-04,Vietnam,Singapore,1.0,1.0,VFF Cup,Hanoi,Vietnam,False
2010-12-01,Indonesia,Malaysia,5.0,1.0,AFF Championship,Jakarta,Indonesia,False
2010-12-02,Singapore,Philippines,1.0,1.0,AFF Championship,Hanoi,Vietnam,True
2010-12-02,Vietnam,Myanmar,7.0,1.0,AFF Championship,Hanoi,Vietnam,False
2010-12-04,Thailand,Malaysia,0.0,0.0,AFF Championship,Jakarta,Indonesia,True
2010-12-05,Singapore,Myanmar,2.0,1.0,AFF Championship,Hanoi,Vietnam,True
2010-12-05,Vietnam,Philippines,0.0,2.0,AFF Championship,Hanoi,Vietnam,False
2010-12-07,Indonesia,Thailand,2.0,1.0,AFF Championship,Jakarta,Indonesia,False
2010-12-08,Myanmar,Philippines,0.0,0.0,AFF Championship,Nam Định,Vietnam,True
2010-12-08,Vietnam,Singapore,1.0,0.0,AFF Championship,Hanoi,Vietnam,False
2010-12-15,Malaysia,Vietnam,2.0,0.0,AFF Championship,Kuala Lumpur,Malaysia,False
2010-12-16,Indonesia,Philippines,1.0,0.0,AFF Championship,Jakarta,Indonesia,False
2010-12-18,Vietnam,Malaysia,0.0,0.0,AFF Championship,Hanoi,Vietnam,False
2010-12-19,Indonesia,Philippines,1.0,0.0,AFF Championship,Jakarta,Indonesia,False
2010-12-26,Malaysia,Indonesia,3.0,0.0,AFF Championship,Kuala Lumpur,Malaysia,False
2010-12-29,Indonesia,Malaysia,2.0,1.0,AFF Championship,Jakarta,Indonesia,False
2011-03-21,Myanmar,Philippines,1.0,1.0,AFC Challenge Cup qualification,Yangon,Myanmar,False
2011-06-18,Malaysia,Myanmar,2.0,0.0,Friendly,Kota Bharu,Malaysia,False
2011-07-14,Thailand,Myanmar,1.0,0.0,Friendly,Buriram,Thailand,False
2011-07-15,Thailand,Myanmar,1.0,1.0,Friendly,Buriram,Thailand,False
2011-07-23,Singapore,Malaysia,5.0,3.0,FIFA World Cup qualification,Singapore,Singapore,False
2011-07-28,Malaysia,Singapore,1.0,1.0,FIFA World Cup qualification,Kuala Lumpur,Malaysia,False
2011-08-24,Thailand,Singapore,0.0,0.0,Friendly,Bangkok,Thailand,False
2011-10-07,Singapore,Philippines,2.0,0.0,Friendly,Singapore,Singapore,False
2012-02-29,Philippines,Malaysia,1.0,1.0,Friendly,Manila,Philippines,False
2012-06-01,Malaysia,Philippines,0.0,0.0,Friendly,Shah Alam,Malaysia,False
2012-06-05,Philippines,Indonesia,2.0,2.0,Friendly,Manila,Philippines,False
2012-06-08,Singapore,Malaysia,2.0,2.0,Friendly,Singapore,Singapore,False
2012-06-12,Malaysia,Singapore,2.0,0.0,Friendly,Shah Alam,Malaysia,False
2012-09-05,Cambodia,Philippines,0.0,0.0,Friendly,Phnom Penh,Cambodia,False
2012-09-07,Singapore,Philippines,0.0,2.0,Friendly,Jurong,Singapore,False
2012-09-11,Myanmar,Singapore,1.0,1.0,Friendly,Yangon,Myanmar,False
2012-09-11,Malaysia,Vietnam,0.0,2.0,Friendly,Shah Alam,Malaysia,False
2012-10-11,Myanmar,Cambodia,3.0,0.0,AFF Championship qualification,Yangon,Myanmar,False
2012-10-16,Vietnam,Indonesia,0.0,0.0,Friendly,Hanoi,Vietnam,False
2012-11-03,Vietnam,Malaysia,1.0,0.0,Friendly,Hanoi,Vietnam,False
2012-11-07,Thailand,Malaysia,2.0,0.0,Friendly,Nonthaburi,Thailand,False
2012-11-15,Philippines,Singapore,1.0,0.0,Friendly,Cebu City,Philippines,False
2012-11-24,Thailand,Philippines,2.0,1.0,AFF Championship,Bangkok,Thailand,False
2012-11-24,Vietnam,Myanmar,1.0,1.0,AFF Championship,Bangkok,Thailand,True
2012-11-25,Malaysia,Singapore,0.0,3.0,AFF Championship,Kuala Lumpur,Malaysia,False
2012-11-27,Thailand,Myanmar,4.0,0.0,AFF Championship,Bangkok,Thailand,False
2012-11-27,Vietnam,Philippines,0.0,1.0,AFF Championship,Bangkok,Thailand,True
2012-11-28,Indonesia,Singapore,1.0,0.0,AFF Championship,Kuala Lumpur,Malaysia,True
2012-11-30,Philippines,Myanmar,2.0,0.0,AFF Championship,Bangkok,Thailand,True
2012-11-30,Thailand,Vietnam,3.0,1.0,AFF Championship,Bangkok,Thailand,False
2012-12-01,Malaysia,Indonesia,2.0,0.0,AFF Championship,Kuala Lumpur,Malaysia,False
2012-12-08,Philippines,Singapore,0.0,0.0,AFF Championship,Manila,Philippines,False
2012-12-09,Malaysia,Thailand,1.0,1.0,AFF Championship,Kuala Lumpur,Malaysia,False
2012-12-12,Singapore,Philippines,1.0,0.0,AFF Championship,Singapore,Singapore,False
2012-12-13,Thailand,Malaysia,2.0,0.0,AFF Championship,Bangkok,Thailand,False
2012-12-19,Singapore,Thailand,3.0,1.0,AFF Championship,Singapore,Singapore,False
2012-12-22,Thailand,Singapore,1.0,0.0,AFF Championship,Bangkok,Thailand,False
2013-02-06,Myanmar,Philippines,0.0,1.0,Friendly,Yangon,Myanmar,False
2013-03-24,Philippines,Cambodia,8.0,0.0,AFC Challenge Cup qualification,Manila,Philippines,False
2013-06-04,Myanmar,Singapore,0.0,2.0,Friendly,Yangon,Myanmar,False
2013-08-14,Indonesia,Philippines,2.0,0.0,Friendly,Surakarta,Indonesia,False
2013-11-24,Singapore,Cambodia,1.0,0.0,Friendly,Hougang,Singapore,False
2014-03-01,Malaysia,Philippines,0.0,0.0,Friendly,Selayang,Malaysia,False
2014-04-27,Philippines,Malaysia,0.0,0.0,Friendly,Cebu,Philippines,False
2014-07-02,Vietnam,Myanmar,6.0,0.0,Friendly,Thủ Dầu Một,Vietnam,False
2014-09-06,Philippines,Myanmar,2.0,3.0,Friendly,Manila,Philippines,False
2014-09-14,Indonesia,Malaysia,2.0,0.0,Friendly,Sidoarjo,Indonesia,False
2014-09-20,Malaysia,Cambodia,4.0,1.0,Friendly,Shah Alam,Malaysia,False
2014-09-25,Indonesia,Cambodia,1.0,0.0,Friendly,Malang,Indonesia,False
2014-10-18,Cambodia,Myanmar,0.0,1.0,AFF Championship qualification,Vientiane,Laos,True
2014-11-09,Thailand,Philippines,3.0,0.0,Friendly,Nakhon Ratchasima,Thailand,False
2014-11-14,Philippines,Cambodia,3.0,0.0,Friendly,Manila,Philippines,False
2014-11-16,Vietnam,Malaysia,3.0,1.0,Friendly,Hanoi,Vietnam,False
2014-11-17,Singapore,Cambodia,4.0,2.0,Friendly,Yishun,Singapore,False
2014-11-22,Vietnam,Indonesia,2.0,2.0,AFF Championship,Hanoi,Vietnam,False
2014-11-23,Malaysia,Myanmar,0.0,0.0,AFF Championship,Kallang,Singapore,True
2014-11-23,Singapore,Thailand,1.0,2.0,AFF Championship,Kallang,Singapore,False
2014-11-25,Philippines,Indonesia,4.0,0.0,AFF Championship,Hanoi,Vietnam,True
2014-11-26,Malaysia,Thailand,2.0,3.0,AFF Championship,Kallang,Singapore,True
2014-11-26,Singapore,Myanmar,4.0,2.0,AFF Championship,Kallang,Singapore,False
2014-11-28,Vietnam,Philippines,3.0,1.0,AFF Championship,Hanoi,Vietnam,False
2014-11-29,Singapore,Malaysia,1.0,3.0,AFF Championship,Kallang,Singapore,False
2014-11-29,Thailand,Myanmar,2.0,0.0,AFF Championship,Kallang,Singapore,True
2014-12-06,Philippines,Thailand,0.0,0.0,AFF Championship,Manila,Philippines,False
2014-12-07,Malaysia,Vietnam,1.0,2.0,AFF Championship,Shah Alam,Malaysia,False
2014-12-10,Thailand,Philippines,3.0,0.0,AFF Championship,Bangkok,Thailand,False
2014-12-11,Vietnam,Malaysia,2.0,4.0,AFF Championship,Hanoi,Vietnam,False
2014-12-17,Thailand,Malaysia,2.0,0.0,AFF Championship,Bangkok,Thailand,False
2014-12-20,Malaysia,Thailand,3.0,2.0,AFF Championship,Shah Alam,Malaysia,False
2015-03-26,Thailand,Singapore,2.0,0.0,Friendly,Nakhon Ratchasima,Thailand,False
2015-03-30,Indonesia,Myanmar,2.0,1.0,Friendly,Sidoarjo,Indonesia,False
2015-05-24,Thailand,Vietnam,1.0,0.0,FIFA World Cup qualification,Bangkok,Thailand,False
2015-06-05,Cambodia,Myanmar,1.0,0.0,Friendly,Samut Sakhon,Thailand,True
2015-06-11,Cambodia,Singapore,0.0,4.0,FIFA World Cup qualification,Phnom Penh,Cambodia,False
2015-10-13,Singapore,Cambodia,2.0,1.0,FIFA World Cup qualification,Kallang,Singapore,False
2015-10-13,Vietnam,Thailand,0.0,3.0,FIFA World Cup qualification,Hanoi,Vietnam,False
2016-03-24,Singapore,Myanmar,2.0,1.0,Friendly,Kallang,Singapore,False
2016-05-28,Myanmar,Malaysia,0.0,0.0,Friendly,Yangon,Myanmar,False
2016-06-03,Myanmar,Singapore,0.0,1.0,Friendly,Yangon,Myanmar,False
2016-06-06,Singapore,Vietnam,0.0,3.0,Friendly,Yangon,Myanmar,True
2016-07-28,Cambodia,Singapore,2.0,1.0,Friendly,Phnom Penh,Cambodia,False
2016-09-06,Indonesia,Malaysia,3.0,0.0,Friendly,Surakarta,Indonesia,False
2016-10-07,Singapore,Malaysia,0.0,0.0,Friendly,Kallang,Singapore,False
2016-10-09,Indonesia,Vietnam,2.0,2.0,Friendly,Sleman,Indonesia,False
2016-11-04,Myanmar,Indonesia,0.0,0.0,Friendly,Yangon,Myanmar,False
2016-11-08,Vietnam,Indonesia,3.0,2.0,Friendly,Hanoi,Vietnam,False
2016-11-13,Singapore,Cambodia,1.0,0.0,Friendly,Bishan,Singapore,False
2016-11-19,Philippines,Singapore,0.0,0.0,AFF Championship,Bocaue,Philippines,False
2016-11-19,Thailand,Indonesia,4.0,2.0,AFF Championship,Bocaue,Philippines,True
2016-11-20,Myanmar,Vietnam,1.0,2.0,AFF Championship,Yangon,Myanmar,False
2016-11-20,Malaysia,Cambodia,3.0,2.0,AFF Championship,Yangon,Myanmar,True
2016-11-22,Philippines,Indonesia,2.0,2.0,AFF Championship,Bocaue,Philippines,False
2016-11-22,Thailand,Singapore,1.0,0.0,AFF Championship,Bocaue,Philippines,True
2016-11-23,Myanmar,Cambodia,3.0,1.0,AFF Championship,Yangon,Myanmar,False
2016-11-23,Malaysia,Vietnam,0.0,1.0,AFF Championship,Yangon,Myanmar,True
2016-11-25,Philippines,Thailand,0.0,1.0,AFF Championship,Bocaue,Philippines,False
2016-11-25,Singapore,Indonesia,1.0,2.0,AFF Championship,Manila,Philippines,True
2016-11-26,Myanmar,Malaysia,1.0,0.0,AFF Championship,Yangon,Myanmar,False
2016-11-26,Vietnam,Cambodia,2.0,1.0,AFF Championship,Naypyidaw,Myanmar,True
2016-12-03,Indonesia,Vietnam,2.0,1.0,AFF Championship,Bogor,Indonesia,False
2016-12-04,Myanmar,Thailand,0.0,2.0,AFF Championship,Yangon,Myanmar,False
2016-12-07,Vietnam,Indonesia,2.0,2.0,AFF Championship,Hanoi,Vietnam,False
2016-12-08,Thailand,Myanmar,4.0,0.0,AFF Championship,Bangkok,Thailand,False
2016-12-14,Indonesia,Thailand,2.0,1.0,AFF Championship,Bogor,Indonesia,False
2016-12-17,Thailand,Indonesia,2.0,0.0,AFF Championship,Bangkok,Thailand,False
2017-03-21,Indonesia,Myanmar,1.0,3.0,Friendly,Cibinong,Indonesia,False
2017-03-22,Philippines,Malaysia,0.0,0.0,Friendly,Manila,Philippines,False
2017-06-08,Cambodia,Indonesia,0.0,2.0,Friendly,Phnom Penh,Cambodia,False
2017-08-29,Myanmar,Malaysia,1.0,0.0,Friendly,Yangon,Myanmar,False
2017-09-05,Cambodia,Vietnam,1.0,2.0,AFC Asian Cup qualification,Phnom Penh,Cambodia,False
2017-10-05,Myanmar,Thailand,1.0,3.0,Friendly,Mandalay,Myanmar,False
2017-10-10,Vietnam,Cambodia,5.0,0.0,AFC Asian Cup qualification,Hanoi,Vietnam,False
2017-11-09,Cambodia,Myanmar,1.0,2.0,Friendly,Phnom Penh,Cambodia,False
2018-09-10,Cambodia,Malaysia,1.0,3.0,Friendly,Phnom Penh,Cambodia,False
2018-10-10,Indonesia,Myanmar,3.0,0.0,Friendly,Cikarang,Indonesia,False
2018-10-16,Cambodia,Singapore,1.0,2.0,Friendly,Phnom Penh,Cambodia,False
2018-11-08,Cambodia,Malaysia,0.0,1.0,AFF Championship,Phnom Penh,Cambodia,False
2018-11-09,Singapore,Indonesia,1.0,0.0,AFF Championship,Kallang,Singapore,False
2018-11-12,Myanmar,Cambodia,4.0,1.0,AFF Championship,Mandalay,Myanmar,False
2018-11-13,Philippines,Singapore,1.0,0.0,AFF Championship,Bacolod,Philippines,False
2018-11-16,Vietnam,Malaysia,2.0,0.0,AFF Championship,Hanoi,Vietnam,False
2018-11-17,Thailand,Indonesia,4.0,2.0,AFF Championship,Bangkok,Thailand,False
2018-11-20,Myanmar,Vietnam,0.0,0.0,AFF Championship,Yangon,Myanmar,False
2018-11-21,Philippines,Thailand,1.0,1.0,AFF Championship,Bacolod,Philippines,False
2018-11-24,Vietnam,Cambodia,3.0,0.0,AFF Championship,Hanoi,Vietnam,False
2018-11-24,Malaysia,Myanmar,3.0,0.0,AFF Championship,Kuala Lumpur,Malaysia,False
2018-11-25,Indonesia,Philippines,0.0,0.0,AFF Championship,Jakarta,Indonesia,False
2018-11-25,Thailand,Singapore,3.0,0.0,AFF Championship,Bangkok,Thailand,False
2018-12-01,Malaysia,Thailand,0.0,0.0,AFF Championship,Kuala Lumpur,Malaysia,False
2018-12-02,Philippines,Vietnam,1.0,2.0,AFF Championship,Bacolod,Philippines,False
2018-12-05,Thailand,Malaysia,2.0,2.0,AFF Championship,Bangkok,Thailand,False
2018-12-06,Vietnam,Philippines,2.0,1.0,AFF Championship,Hanoi,Vietnam,False
2018-12-11,Malaysia,Vietnam,2.0,2.0,AFF Championship,Kuala Lumpur,Malaysia,False
2018-12-15,Vietnam,Malaysia,1.0,0.0,AFF Championship,Hanoi,Vietnam,False
2018-12-31,Philippines,Vietnam,2.0,4.0,Friendly,Doha,Qatar,True
2019-03-25,Myanmar,Indonesia,0.0,2.0,Friendly,Mandalay,Myanmar,False
2019-06-11,Singapore,Myanmar,1.0,2.0,Friendly,Kallang,Singapore,False
2019-09-05,Thailand,Vietnam,0.0,0.0,FIFA World Cup qualification,Pathum Thani,Thailand,False
2019-09-05,Indonesia,Malaysia,2.0,3.0,FIFA World Cup qualification,Jakarta,Indonesia,False
2019-09-10,Indonesia,Thailand,0.0,3.0,FIFA World Cup qualification,Jakarta,Indonesia,False
2019-10-10,Vietnam,Malaysia,1.0,0.0,FIFA World Cup qualification,Hanoi,Vietnam,False
2019-10-15,Indonesia,Vietnam,1.0,3.0,FIFA World Cup qualification,Gianyar,Indonesia,False
2019-11-14,Malaysia,Thailand,2.0,1.0,FIFA World Cup qualification,Kuala Lumpur,Malaysia,False
2019-11-19,Vietnam,Thailand,0.0,0.0,FIFA World Cup qualification,Hanoi,Vietnam,False
2019-11-19,Malaysia,Indonesia,2.0,0.0,FIFA World Cup qualification,Kuala Lumpur,Malaysia,False
2021-06-03,Thailand,Indonesia,2.0,2.0,FIFA World Cup qualification,Dubai,United Arab Emirates,True
2021-06-07,Vietnam,Indonesia,4.0,0.0,FIFA World Cup qualification,Dubai,United Arab Emirates,True
2021-06-11,Malaysia,Vietnam,1.0,2.0,FIFA World Cup qualification,Dubai,United Arab Emirates,True
2021-06-15,Thailand,Malaysia,0.0,1.0,FIFA World Cup qualification,Dubai,United Arab Emirates,True
2021-11-25,Indonesia,Myanmar,4.0,1.0,Friendly,Antalya,Turkey,True
2021-12-05,Singapore,Myanmar,3.0,0.0,AFF Championship,Kallang,Singapore,False
2021-12-06,Cambodia,Malaysia,1.0,3.0,AFF Championship,Bishan,Singapore,True
2021-12-08,Singapore,Philippines,2.0,1.0,AFF Championship,Kallang,Singapore,False
2021-12-09,Indonesia,Cambodia,4.0,2.0,AFF Championship,Bishan,Singapore,True
2021-12-11,Thailand,Myanmar,4.0,0.0,AFF Championship,Kallang,Singapore,True
2021-12-12,Vietnam,Malaysia,3.0,0.0,AFF Championship,Bishan,Singapore,True
2021-12-14,Philippines,Thailand,1.0,2.0,AFF Championship,Kallang,Singapore,True
2021-12-15,Indonesia,Vietnam,0.0,0.0,AFF Championship,Bishan,Singapore,True
2021-12-18,Singapore,Thailand,0.0,2.0,AFF Championship,Kallang,Singapore,False
2021-12-18,Myanmar,Philippines,2.0,3.0,AFF Championship,Bishan,Singapore,True
2021-12-19,Vietnam,Cambodia,4.0,0.0,AFF Championship,Bishan,Singapore,True
2021-12-19,Malaysia,Indonesia,1.0,4.0,AFF Championship,Kallang,Singapore,True
2021-12-22,Singapore,Indonesia,1.0,1.0,AFF Championship,Kallang,Singapore,False
2021-12-23,Vietnam,Thailand,0.0,2.0,AFF Championship,Kallang,Singapore,True
2021-12-25,Singapore,Indonesia,2.0,4.0,AFF Championship,Kallang,Singapore,False
2021-12-26,Thailand,Vietnam,0.0,0.0,AFF Championship,Kallang,Singapore,True
2021-12-29,Indonesia,Thailand,0.0,4.0,AFF Championship,Kallang,Singapore,True
2022-01-01,Thailand,Indonesia,2.0,2.0,AFF Championship,Kallang,Singapore,True
2022-03-23,Malaysia,Philippines,2.0,0.0,Friendly,Kallang,Singapore,True
2022-03-26,Singapore,Malaysia,2.0,1.0,Friendly,Kallang,Singapore,False
2022-03-29,Singapore,Philippines,2.0,0.0,Friendly,Kallang,Singapore,False
2022-06-14,Myanmar,Singapore,2.0,6.0,AFC Asian Cup qualification,Bishkek,Kyrgyzstan,True
2022-09-21,Vietnam,Singapore,4.0,0.0,Friendly,Ho Chi Minh City,Vietnam,False
2022-09-22,Thailand,Malaysia,1.0,1.0,King's Cup,Chiang Mai,Thailand,False
2022-12-09,Malaysia,Cambodia,4.0,0.0,Friendly,Kuala Lumpur,Malaysia,False
2022-12-11,Thailand,Myanmar,6.0,0.0,Friendly,Pathum Thani,Thailand,False
2022-12-14,Vietnam,Philippines,1.0,0.0,Friendly,Hanoi,Vietnam,False
2022-12-20,Cambodia,Philippines,3.0,2.0,AFF Championship,Phnom Penh,Cambodia,False
2022-12-21,Myanmar,Malaysia,0.0,1.0,AFF Championship,Yangon,Myanmar,False
2022-12-23,Indonesia,Cambodia,2.0,1.0,AFF Championship,Jakarta,Indonesia,False
2022-12-24,Singapore,Myanmar,3.0,2.0,AFF Championship,Singapore,Singapore,False
2022-12-26,Thailand,Philippines,4.0,0.0,AFF Championship,Pathum Thani,Thailand,False
2022-12-27,Vietnam,Malaysia,3.0,0.0,AFF Championship,Hanoi,Vietnam,False
2022-12-29,Indonesia,Thailand,1.0,1.0,AFF Championship,Jakarta,Indonesia,False
2022-12-30,Singapore,Vietnam,0.0,0.0,AFF Championship,Singapore,Singapore,False
2023-01-02,Thailand,Cambodia,3.0,1.0,AFF Championship,Pathum Thani,Thailand,False
2023-01-02,Philippines,Indonesia,1.0,2.0,AFF Championship,Manila,Philippines,False
2023-01-03,Vietnam,Myanmar,3.0,0.0,AFF Championship,Hanoi,Vietnam,False
2023-01-03,Malaysia,Singapore,4.0,1.0,AFF Championship,Kuala Lumpur,Malaysia,False
2023-01-06,Indonesia,Vietnam,0.0,0.0,AFF Championship,Jakarta,Indonesia,False
2023-01-07,Malaysia,Thailand,1.0,0.0,AFF Championship,Kuala Lumpur,Malaysia,False
2023-01-09,Vietnam,Indonesia,2.0,0.0,AFF Championship,Hanoi,Vietnam,False
2023-01-10,Thailand,Malaysia,3.0,0.0,AFF Championship,Pathum Thani,Thailand,False
2023-01-13,Vietnam,Thailand,2.0,2.0,AFF Championship,Hanoi,Vietnam,False
2023-01-16,Thailand,Vietnam,1.0,0.0,AFF Championship,Pathum Thani,Thailand,False
2023-11-16,Philippines,Vietnam,0.0,2.0,FIFA World Cup qualification,Manila,Philippines,False
2023-11-21,Singapore,Thailand,1.0,3.0,FIFA World Cup qualification,Kallang,Singapore,False
2023-11-21,Philippines,Indonesia,1.0,1.0,FIFA World Cup qualification,Manila,Philippines,False
2024-01-19,Vietnam,Indonesia,0.0,1.0,AFC Asian Cup,Doha,Qatar,True
2024-03-21,Indonesia,Vietnam,1.0,0.0,FIFA World Cup qualification,Jakarta,Indonesia,False
2024-03-26,Vietnam,Indonesia,0.0,3.0,FIFA World Cup qualification,Hanoi,Vietnam,False
2024-06-06,Vietnam,Philippines,3.0,2.0,FIFA World Cup qualification,Hanoi,Vietnam,False
2024-06-11,Thailand,Singapore,3.0,1.0,FIFA World Cup qualification,Bangkok,Thailand,False
2024-06-11,Indonesia,Philippines,2.0,0.0,FIFA World Cup qualification,Jakarta,Indonesia,False
2024-09-04,Malaysia,Philippines,2.0,1.0,Merdeka Tournament,Kuala Lumpur,Malaysia,False
2024-09-10,Vietnam,Thailand,1.0,2.0,Friendly,Hanoi,Vietnam,False
2024-10-11,Thailand,Philippines,3.0,1.0,King's Cup,Songkhla,Thailand,False
2024-11-14,Singapore,Myanmar,3.0,2.0,Friendly,Kallang,Singapore,False
2024-12-08,Cambodia,Malaysia,2.0,2.0,ASEAN Championship,Phnom Penh,Cambodia,False
2024-12-09,Myanmar,Indonesia,0.0,1.0,ASEAN Championship,Yangon,Myanmar,False
2024-12-11,Singapore,Cambodia,2.0,1.0,ASEAN Championship,Singapore,Singapore,False
2024-12-12,Philippines,Myanmar,1.0,1.0,ASEAN Championship,Manila,Philippines,False
2024-12-14,Thailand,Malaysia,1.0,0.0,ASEAN Championship,Bangkok,Thailand,False
2024-12-15,Vietnam,Indonesia,1.0,0.0,ASEAN Championship,Việt Trì,Vietnam,False
2024-12-17,Singapore,Thailand,2.0,4.0,ASEAN Championship,Singapore,Singapore,False
2024-12-18,Philippines,Vietnam,1.0,1.0,ASEAN Championship,Manila,Philippines,False
2024-12-20,Thailand,Cambodia,3.0,2.0,ASEAN Championship,Bangkok,Thailand,False
2024-12-20,Malaysia,Singapore,0.0,0.0,ASEAN Championship,Kuala Lumpur,Malaysia,False
2024-12-21,Vietnam,Myanmar,5.0,0.0,ASEAN Championship,Việt Trì,Vietnam,False
2024-12-21,Indonesia,Philippines,0.0,1.0,ASEAN Championship,Surakarta,Indonesia,False
2024-12-26,Singapore,Vietnam,0.0,2.0,ASEAN Championship,Singapore,Singapore,False
2024-12-27,Philippines,Thailand,2.0,1.0,ASEAN Championship,Manila,Philippines,False
2024-12-29,Vietnam,Singapore,3.0,1.0,ASEAN Championship,Việt Trì,Vietnam,False
2024-12-30,Thailand,Philippines,3.0,1.0,ASEAN Championship,Bangkok,Thailand,False
2025-01-02,Vietnam,Thailand,2.0,1.0,ASEAN Championship,Việt Trì,Vietnam,False
2025-01-05,Thailand,Vietnam,2.0,3.0,ASEAN Championship,Bangkok,Thailand,False
2025-03-19,Vietnam,Cambodia,2.0,1.0,Friendly,Thu Dau Mot,Vietnam,False
2025-06-10,Malaysia,Vietnam,4.0,0.0,AFC Asian Cup qualification,Kuala Lumpur,Malaysia,False
2025-09-04,Malaysia,Singapore,2.0,1.0,Friendly,Kuala Lumpur,Malaysia,False
2025-09-09,Singapore,Myanmar,1.0,1.0,Friendly,Singapore,Singapore,False
2025-11-13,Thailand,Singapore,3.0,2.0,Friendly,Pathum Thani,Thailand,False
