RND,SEA,Date,HT,Home_State,AT,Away_State,FTHG,FTAG,GD,FTR
Round 1,2015,31/1/2015,JDT,Johor,Sri Pahang FC,Pahang,2,0,2,H
Round 1,2015,7/2/2015,Young Lions,Singapore,PDRM FC,Kuala Lumpur,5,3,2,H
Round 1,2015,7/2/2015,Perak FC,Perak,Sime Darby FC,Selangor,2,0,2,H
Round 1,2015,7/2/2015,Terengganu FC,Terengganu,Selangor FC,Selangor,2,0,2,H
Round 1,2015,7/2/2015,Felda United FC,Pahang,Sarawak FA,Sarawak,3,3,0,D
Round 1,2015,7/2/2015,ATM FA,Kuala Lumpur,Kelantan FC,Kelantan,0,2,-2,A
Round 2,2015,14/2/2015,Felda United FC,Pahang,Sime Darby FC,Selangor,3,0,3,H
Round 2,2015,14/2/2015,Sri Pahang FC,Pahang,Selangor FC,Selangor,1,1,0,D
Round 2,2015,14/2/2015,PDRM FC,Kuala Lumpur,JDT,Johor,1,0,1,H
Round 2,2015,14/2/2015,Sarawak FA,Sarawak,Terengganu FC,Terengganu,3,1,2,H
Round 2,2015,14/2/2015,Perak FC,Perak,ATM FA,Kuala Lumpur,2,0,2,H
Round 2,2015,15/2/2015,Kelantan FC,Kelantan,Young Lions,Singapore,2,0,2,H
Round 3,2015,21/2/2015,Young Lions,Singapore,Perak FC,Perak,2,2,0,D
Round 3,2015,21/2/2015,Terengganu FC,Terengganu,Sime Darby FC,Selangor,2,1,1,H
Round 3,2015,21/2/2015,Selangor FC,Selangor,JDT,Johor,1,1,0,D
Round 3,2015,21/2/2015,Sarawak FA,Sarawak,Sri Pahang FC,Pahang,0,0,0,D
Round 3,2015,21/2/2015,Felda United FC,Pahang,ATM FA,Kuala Lumpur,2,1,1,H
Round 3,2015,21/2/2015,Kelantan FC,Kelantan,PDRM FC,Kuala Lumpur,0,4,-4,A
Round 4,2015,6/3/2015,Perak FC,Perak,Kelantan FC,Kelantan,0,0,0,D
Round 4,2015,7/3/2015,Terengganu FC,Terengganu,ATM FA,Kuala Lumpur,2,2,0,D
Round 4,2015,7/3/2015,JDT,Johor,Sarawak FA,Sarawak,2,1,1,H
Round 4,2015,7/3/2015,Felda United FC,Pahang,Young Lions,Singapore,0,0,0,D
Round 4,2015,7/3/2015,PDRM FC,Kuala Lumpur,Selangor FC,Selangor,1,4,-3,A
Round 4,2015,7/3/2015,Sri Pahang FC,Pahang,Sime Darby FC,Selangor,2,0,2,H
Round 5,2015,14/3/2015,Young Lions,Singapore,Terengganu FC,Terengganu,1,1,0,D
Round 5,2015,14/3/2015,Perak FC,Perak,PDRM FC,Kuala Lumpur,1,3,-2,A
Round 5,2015,14/3/2015,ATM FA,Kuala Lumpur,Sri Pahang FC,Pahang,1,0,1,H
Round 5,2015,14/3/2015,Selangor FC,Selangor,Sarawak FA,Sarawak,2,0,2,H
Round 5,2015,14/3/2015,Kelantan FC,Kelantan,Felda United FC,Pahang,0,1,-1,A
Round 5,2015,14/3/2015,Sime Darby FC,Selangor,JDT,Johor,1,1,0,D
Round 6,2015,3/4/2015,PDRM FC,Kuala Lumpur,Sarawak FA,Sarawak,1,0,1,H
Round 6,2015,4/4/2015,Perak FC,Perak,Felda United FC,Pahang,4,1,3,H
Round 6,2015,4/4/2015,JDT,Johor,ATM FA,Kuala Lumpur,2,1,1,H
Round 6,2015,4/4/2015,Sri Pahang FC,Pahang,Young Lions,Singapore,3,2,1,H
Round 6,2015,4/4/2015,Terengganu FC,Terengganu,Kelantan FC,Kelantan,2,1,1,H
Round 6,2015,4/4/2015,Sime Darby FC,Selangor,Selangor FC,Selangor,2,3,-1,A
Round 7,2015,11/4/2015,Young Lions,Singapore,JDT,Johor,0,0,0,D
Round 7,2015,11/4/2015,Kelantan FC,Kelantan,Sri Pahang FC,Pahang,0,2,-2,A
Round 7,2015,11/4/2015,Sarawak FA,Sarawak,Sime Darby FC,Selangor,2,1,1,H
Round 7,2015,11/4/2015,ATM FA,Kuala Lumpur,Selangor FC,Selangor,1,3,-2,A
Round 7,2015,11/4/2015,Perak FC,Perak,Terengganu FC,Terengganu,2,3,-1,A
Round 7,2015,11/4/2015,Felda United FC,Pahang,PDRM FC,Kuala Lumpur,3,2,1,H
Round 8,2015,18/4/2015,Sarawak FA,Sarawak,ATM FA,Kuala Lumpur,1,1,0,D
Round 8,2015,18/4/2015,JDT,Johor,Kelantan FC,Kelantan,3,1,2,H
Round 8,2015,18/4/2015,Sime Darby FC,Selangor,PDRM FC,Kuala Lumpur,1,4,-3,A
Round 8,2015,18/4/2015,Terengganu FC,Terengganu,Felda United FC,Pahang,1,3,-2,A
Round 8,2015,18/4/2015,Selangor FC,Selangor,Young Lions,Singapore,4,0,4,H
Round 8,2015,5/5/2015,Sri Pahang FC,Pahang,Perak FC,Perak,1,0,1,H
Round 9,2015,24/4/2015,Perak FC,Perak,JDT,Johor,2,1,1,H
Round 9,2015,25/4/2015,Young Lions,Singapore,Sarawak FA,Sarawak,1,0,1,H
Round 9,2015,25/4/2015,ATM FA,Kuala Lumpur,Sime Darby FC,Selangor,1,1,0,D
Round 9,2015,25/4/2015,PDRM FC,Kuala Lumpur,Terengganu FC,Terengganu,3,1,2,H
Round 9,2015,25/4/2015,Felda United FC,Pahang,Sri Pahang FC,Pahang,0,1,-1,A
Round 9,2015,25/4/2015,Kelantan FC,Kelantan,Selangor FC,Selangor,2,1,1,H
Round 10,2015,2/5/2015,Sarawak FA,Sarawak,Kelantan FC,Kelantan,3,2,1,H
Round 10,2015,2/5/2015,Sri Pahang FC,Pahang,Terengganu FC,Terengganu,3,2,1,H
Round 10,2015,2/5/2015,Selangor FC,Selangor,Perak FC,Perak,1,2,-1,A
Round 10,2015,2/5/2015,Sime Darby FC,Selangor,Young Lions,Singapore,1,2,-1,A
Round 10,2015,2/5/2015,ATM FA,Kuala Lumpur,PDRM FC,Kuala Lumpur,3,1,2,H
Round 10,2015,3/5/2015,JDT,Johor,Felda United FC,Pahang,1,0,1,H
Round 11,2015,20/6/2015,Young Lions,Singapore,ATM FA,Kuala Lumpur,3,1,2,H
Round 11,2015,20/6/2015,Terengganu FC,Terengganu,JDT,Johor,0,1,-1,A
Round 11,2015,20/6/2015,Sarawak FA,Sarawak,Perak FC,Perak,1,1,0,D
Round 11,2015,20/6/2015,Felda United FC,Pahang,Selangor FC,Selangor,4,4,0,D
Round 11,2015,20/6/2015,PDRM FC,Kuala Lumpur,Sri Pahang FC,Pahang,3,5,-2,A
Round 11,2015,25/7/2015,Kelantan FC,Kelantan,Sime Darby FC,Selangor,2,2,0,D
Round 12,2015,23/6/2015,ATM FA,Kuala Lumpur,Young Lions,Singapore,1,1,0,D
Round 12,2015,23/6/2015,JDT,Johor,Terengganu FC,Terengganu,2,0,2,H
Round 12,2015,23/6/2015,Sime Darby FC,Selangor,Kelantan FC,Kelantan,1,1,0,D
Round 12,2015,23/6/2015,Selangor FC,Selangor,Felda United FC,Pahang,1,0,1,H
Round 12,2015,23/6/2015,Perak FC,Perak,Sarawak FA,Sarawak,3,1,2,H
Round 12,2015,23/6/2015,Sri Pahang FC,Pahang,PDRM FC,Kuala Lumpur,1,0,1,H
Round 13,2015,26/6/2015,PDRM FC,Kuala Lumpur,Young Lions,Singapore,2,1,1,H
Round 13,2015,27/6/2015,Sarawak FA,Sarawak,Felda United FC,Pahang,0,2,-2,A
Round 13,2015,27/6/2015,Sri Pahang FC,Pahang,JDT,Johor,1,1,0,D
Round 13,2015,27/6/2015,Sime Darby FC,Selangor,Perak FC,Perak,1,3,-2,A
Round 13,2015,27/6/2015,Selangor FC,Selangor,Terengganu FC,Terengganu,2,0,2,H
Round 13,2015,28/7/2015,Kelantan FC,Kelantan,ATM FA,Kuala Lumpur,5,1,4,H
Round 14,2015,4/7/2015,Young Lions,Singapore,Kelantan FC,Kelantan,3,0,3,H
Round 14,2015,4/7/2015,Sime Darby FC,Selangor,Felda United FC,Pahang,2,2,0,D
Round 14,2015,4/7/2015,Selangor FC,Selangor,Sri Pahang FC,Pahang,1,3,-2,A
Round 14,2015,4/7/2015,JDT,Johor,PDRM FC,Kuala Lumpur,2,1,1,H
Round 14,2015,4/7/2015,Terengganu FC,Terengganu,Sarawak FA,Sarawak,4,2,2,H
Round 14,2015,4/7/2015,ATM FA,Kuala Lumpur,Perak FC,Perak,1,2,-1,A
Round 15,2015,8/7/2015,Perak FC,Perak,Young Lions,Singapore,1,2,-1,A
Round 15,2015,8/7/2015,Sime Darby FC,Selangor,Terengganu FC,Terengganu,0,2,-2,A
Round 15,2015,8/7/2015,Sri Pahang FC,Pahang,Sarawak FA,Sarawak,3,1,2,H
Round 15,2015,8/7/2015,ATM FA,Kuala Lumpur,Felda United FC,Pahang,0,4,-4,A
Round 15,2015,8/7/2015,PDRM FC,Kuala Lumpur,Kelantan FC,Kelantan,1,3,-2,A
Round 15,2015,13/7/2015,JDT,Johor,Selangor FC,Selangor,3,1,2,H
Round 16,2015,1/8/2015,Kelantan FC,Kelantan,Perak FC,Perak,1,0,1,H
Round 16,2015,1/8/2015,ATM FA,Kuala Lumpur,Terengganu FC,Terengganu,1,5,-4,A
Round 16,2015,1/8/2015,Sarawak FA,Sarawak,JDT,Johor,0,2,-2,A
Round 16,2015,1/8/2015,Selangor FC,Selangor,PDRM FC,Kuala Lumpur,1,1,0,D
Round 16,2015,1/8/2015,Sime Darby FC,Selangor,Sri Pahang FC,Pahang,2,4,-2,A
Round 16,2015,2/8/2015,Young Lions,Singapore,Felda United FC,Pahang,2,1,1,H
Round 17,2015,5/8/2015,Terengganu FC,Terengganu,Young Lions,Singapore,4,2,2,H
Round 17,2015,5/8/2015,PDRM FC,Kuala Lumpur,Perak FC,Perak,3,2,1,H
Round 17,2015,5/8/2015,Sri Pahang FC,Pahang,ATM FA,Kuala Lumpur,2,0,2,H
Round 17,2015,5/8/2015,Sarawak FA,Sarawak,Selangor FC,Selangor,1,1,0,D
Round 17,2015,5/8/2015,Felda United FC,Pahang,Kelantan FC,Kelantan,0,0,0,D
Round 17,2015,5/8/2015,JDT,Johor,Sime Darby FC,Selangor,4,0,4,H
Round 18,2015,8/8/2015,Young Lions,Singapore,Sri Pahang FC,Pahang,4,2,2,H
Round 18,2015,8/8/2015,Sarawak FA,Sarawak,PDRM FC,Kuala Lumpur,2,3,-1,A
Round 18,2015,8/8/2015,Felda United FC,Pahang,Perak FC,Perak,2,0,2,H
Round 18,2015,8/8/2015,ATM FA,Kuala Lumpur,JDT,Johor,0,1,-1,A
Round 18,2015,8/8/2015,Kelantan FC,Kelantan,Terengganu FC,Terengganu,1,2,-1,A
Round 18,2015,8/8/2015,Selangor FC,Selangor,Sime Darby FC,Selangor,3,1,2,H
Round 19,2015,11/8/2015,PDRM FC,Kuala Lumpur,Felda United FC,Pahang,1,0,1,H
Round 19,2015,12/8/2015,JDT,Johor,Young Lions,Singapore,1,0,1,H
Round 19,2015,12/8/2015,Sri Pahang FC,Pahang,Kelantan FC,Kelantan,5,3,2,H
Round 19,2015,12/8/2015,Sime Darby FC,Selangor,Sarawak FA,Sarawak,1,1,0,D
Round 19,2015,12/8/2015,Selangor FC,Selangor,ATM FA,Kuala Lumpur,3,2,1,H
Round 19,2015,12/8/2015,Terengganu FC,Terengganu,Perak FC,Perak,2,1,1,H
Round 20,2015,15/8/2015,Young Lions,Singapore,Selangor FC,Selangor,1,1,0,D
Round 20,2015,15/8/2015,ATM FA,Kuala Lumpur,Sarawak FA,Sarawak,1,1,0,D
Round 20,2015,15/8/2015,Kelantan FC,Kelantan,JDT,Johor,4,1,3,H
Round 20,2015,15/8/2015,PDRM FC,Kuala Lumpur,Sime Darby FC,Selangor,1,1,0,D
Round 20,2015,15/8/2015,Felda United FC,Pahang,Terengganu FC,Terengganu,1,0,1,H
Round 20,2015,15/8/2015,Perak FC,Perak,Sri Pahang FC,Pahang,1,1,0,D
Round 21,2015,19/8/2015,JDT,Johor,Perak FC,Perak,4,1,3,H
Round 21,2015,19/8/2015,Sarawak FA,Sarawak,Young Lions,Singapore,2,1,1,H
Round 21,2015,19/8/2015,Sime Darby FC,Selangor,ATM FA,Kuala Lumpur,1,0,1,H
Round 21,2015,19/8/2015,Terengganu FC,Terengganu,PDRM FC,Kuala Lumpur,1,0,1,H
Round 21,2015,19/8/2015,Sri Pahang FC,Pahang,Felda United FC,Pahang,2,2,0,D
Round 21,2015,19/8/2015,Selangor FC,Selangor,Kelantan FC,Kelantan,3,0,3,H
Round 22,2015,22/8/2015,Kelantan FC,Kelantan,Sarawak FA,Sarawak,4,3,1,H
Round 22,2015,22/8/2015,Terengganu FC,Terengganu,Sri Pahang FC,Pahang,3,1,2,H
Round 22,2015,22/8/2015,Perak FC,Perak,Selangor FC,Selangor,0,2,-2,A
Round 22,2015,22/8/2015,Young Lions,Singapore,Sime Darby FC,Selangor,3,0,3,H
Round 22,2015,22/8/2015,PDRM FC,Kuala Lumpur,ATM FA,Kuala Lumpur,3,2,1,H
Round 22,2015,22/8/2015,Felda United FC,Pahang,JDT,Johor,2,1,1,H
Round 1,2016,13/2/2016,JDT,Johor,Selangor FC,Selangor,1,1,0,D
Round 1,2016,13/2/2016,Sri Pahang FC,Pahang,T Team FC,Terengganu,2,2,0,D
Round 1,2016,13/2/2016,Terengganu FC,Terengganu,Penang FC,Pulau Pinang,1,0,1,H
Round 1,2016,13/2/2016,Felda United FC,Pahang,Kedah Darul Aman FC,Kedah,2,0,2,H
Round 1,2016,13/2/2016,PDRM FC,Kuala Lumpur,Sarawak FA,Sarawak,1,0,1,H
Round 1,2016,13/2/2016,Perak FC,Perak,Kelantan FC,Kelantan,0,0,0,D
Round 2,2016,16/2/2016,Sarawak FA,Sarawak,Felda United FC,Pahang,1,2,-1,A
Round 2,2016,16/2/2016,Perak FC,Perak,Selangor FC,Selangor,0,1,-1,A
Round 2,2016,16/2/2016,Kelantan FC,Kelantan,PDRM FC,Kuala Lumpur,1,0,1,H
Round 2,2016,16/2/2016,Kedah Darul Aman FC,Kedah,Terengganu FC,Terengganu,1,0,1,H
Round 2,2016,16/2/2016,Penang FC,Pulau Pinang,Sri Pahang FC,Pahang,4,1,3,H
Round 2,2016,16/2/2016,T Team FC,Terengganu,JDT,Johor,0,2,-2,A
Round 3,2016,26/2/2016,Kelantan FC,Kelantan,Sarawak FA,Sarawak,2,2,0,D
Round 3,2016,27/2/2016,Sri Pahang FC,Pahang,Selangor FC,Selangor,1,3,-2,A
Round 3,2016,27/2/2016,Terengganu FC,Terengganu,JDT,Johor,0,2,-2,A
Round 3,2016,27/2/2016,Felda United FC,Pahang,T Team FC,Terengganu,2,0,2,H
Round 3,2016,27/2/2016,PDRM FC,Kuala Lumpur,Penang FC,Pulau Pinang,2,2,0,D
Round 3,2016,27/2/2016,Perak FC,Perak,Kedah Darul Aman FC,Kedah,0,0,0,D
Round 4,2016,1/3/2016,Selangor FC,Selangor,Sarawak FA,Sarawak,4,2,2,H
Round 4,2016,1/3/2016,Kedah Darul Aman FC,Kedah,Kelantan FC,Kelantan,2,1,1,H
Round 4,2016,1/3/2016,Penang FC,Pulau Pinang,Perak FC,Perak,1,1,0,D
Round 4,2016,1/3/2016,T Team FC,Terengganu,PDRM FC,Kuala Lumpur,1,1,0,D
Round 4,2016,1/3/2016,JDT,Johor,Felda United FC,Pahang,2,1,1,H
Round 4,2016,1/3/2016,Sri Pahang FC,Pahang,Terengganu FC,Terengganu,1,2,-1,A
Round 5,2016,11/3/2016,Terengganu FC,Terengganu,Selangor FC,Selangor,3,1,2,H
Round 5,2016,12/3/2016,Sarawak FA,Sarawak,Kedah Darul Aman FC,Kedah,1,1,0,D
Round 5,2016,12/3/2016,Felda United FC,Pahang,Sri Pahang FC,Pahang,2,0,2,H
Round 5,2016,12/3/2016,Kelantan FC,Kelantan,Penang FC,Pulau Pinang,3,1,2,H
Round 5,2016,13/3/2016,Perak FC,Perak,T Team FC,Terengganu,0,0,0,D
Round 5,2016,13/3/2016,PDRM FC,Kuala Lumpur,JDT,Johor,0,2,-2,A
Round 6,2016,4/4/2016,Terengganu FC,Terengganu,Felda United FC,Pahang,1,4,-3,A
Round 6,2016,5/4/2016,Selangor FC,Selangor,Kedah Darul Aman FC,Kedah,2,2,0,D
Round 6,2016,5/4/2016,Penang FC,Pulau Pinang,Sarawak FA,Sarawak,1,2,-1,A
Round 6,2016,5/4/2016,T Team FC,Terengganu,Kelantan FC,Kelantan,4,2,2,H
Round 6,2016,5/4/2016,JDT,Johor,Perak FC,Perak,2,1,1,H
Round 6,2016,5/4/2016,Sri Pahang FC,Pahang,PDRM FC,Kuala Lumpur,0,2,-2,A
Round 7,2016,8/4/2016,Felda United FC,Pahang,Selangor FC,Selangor,3,1,2,H
Round 7,2016,8/4/2016,Kelantan FC,Kelantan,JDT,Johor,2,2,0,D
Round 7,2016,9/4/2016,Sarawak FA,Sarawak,T Team FC,Terengganu,0,2,-2,A
Round 7,2016,9/4/2016,Perak FC,Perak,Sri Pahang FC,Pahang,3,4,-1,A
Round 7,2016,9/4/2016,Kedah Darul Aman FC,Kedah,Penang FC,Pulau Pinang,2,2,0,D
Round 7,2016,10/4/2016,PDRM FC,Kuala Lumpur,Terengganu FC,Terengganu,3,1,2,H
Round 8,2016,19/4/2016,Terengganu FC,Terengganu,Perak FC,Perak,2,3,-1,A
Round 8,2016,20/4/2016,Sarawak FA,Sarawak,JDT,Johor,2,5,-3,A
Round 8,2016,20/4/2016,Selangor FC,Selangor,Penang FC,Pulau Pinang,1,0,1,H
Round 8,2016,20/4/2016,T Team FC,Terengganu,Kedah Darul Aman FC,Kedah,4,1,3,H
Round 8,2016,20/4/2016,Sri Pahang FC,Pahang,Kelantan FC,Kelantan,4,3,1,H
Round 8,2016,20/4/2016,Felda United FC,Pahang,PDRM FC,Kuala Lumpur,4,0,4,H
Round 9,2016,23/4/2016,Sarawak FA,Sarawak,Sri Pahang FC,Pahang,1,1,0,D
Round 9,2016,23/4/2016,PDRM FC,Kuala Lumpur,Selangor FC,Selangor,0,0,0,D
Round 9,2016,23/4/2016,Kelantan FC,Kelantan,Terengganu FC,Terengganu,3,0,3,H
Round 9,2016,23/4/2016,Kedah Darul Aman FC,Kedah,JDT,Johor,1,1,0,D
Round 9,2016,24/4/2016,Perak FC,Perak,Felda United FC,Pahang,3,2,1,H
Round 9,2016,24/4/2016,Penang FC,Pulau Pinang,T Team FC,Terengganu,2,3,-1,A
Round 10,2016,4/5/2016,PDRM FC,Kuala Lumpur,Perak FC,Perak,2,2,0,D
Round 10,2016,4/5/2016,Sri Pahang FC,Pahang,Kedah Darul Aman FC,Kedah,1,1,0,D
Round 10,2016,4/5/2016,Selangor FC,Selangor,T Team FC,Terengganu,2,1,1,H
Round 10,2016,4/5/2016,Terengganu FC,Terengganu,Sarawak FA,Sarawak,3,2,1,H
Round 10,2016,4/5/2016,Felda United FC,Pahang,Kelantan FC,Kelantan,2,0,2,H
Round 10,2016,6/5/2016,JDT,Johor,Penang FC,Pulau Pinang,1,0,1,H
Round 11,2016,18/5/2016,Sarawak FA,Sarawak,Perak FC,Perak,3,2,1,H
Round 11,2016,18/5/2016,Selangor FC,Selangor,Kelantan FC,Kelantan,0,0,0,D
Round 11,2016,18/5/2016,Kedah Darul Aman FC,Kedah,PDRM FC,Kuala Lumpur,2,0,2,H
Round 11,2016,18/5/2016,Penang FC,Pulau Pinang,Felda United FC,Pahang,1,2,-1,A
Round 11,2016,18/5/2016,T Team FC,Terengganu,Terengganu FC,Terengganu,0,0,0,D
Round 11,2016,18/5/2016,JDT,Johor,Sri Pahang FC,Pahang,3,0,3,H
Round 12,2016,21/5/2016,Kelantan FC,Kelantan,Selangor FC,Selangor,2,5,-3,A
Round 12,2016,21/5/2016,Perak FC,Perak,Sarawak FA,Sarawak,0,3,-3,A
Round 12,2016,21/5/2016,PDRM FC,Kuala Lumpur,Kedah Darul Aman FC,Kedah,1,1,0,D
Round 12,2016,21/5/2016,Felda United FC,Pahang,Penang FC,Pulau Pinang,2,2,0,D
Round 12,2016,21/5/2016,Terengganu FC,Terengganu,T Team FC,Terengganu,2,1,1,H
Round 12,2016,21/5/2016,Sri Pahang FC,Pahang,JDT,Johor,0,6,-6,A
Round 13,2016,3/8/2016,Sarawak FA,Sarawak,Terengganu FC,Terengganu,2,1,1,H
Round 13,2016,3/8/2016,T Team FC,Terengganu,Selangor FC,Selangor,1,0,1,H
Round 13,2016,3/8/2016,Penang FC,Pulau Pinang,JDT,Johor,1,1,0,D
Round 13,2016,3/8/2016,Kedah Darul Aman FC,Kedah,Sri Pahang FC,Pahang,0,3,-3,A
Round 13,2016,3/8/2016,Kelantan FC,Kelantan,Felda United FC,Pahang,1,1,0,D
Round 13,2016,3/8/2016,Perak FC,Perak,PDRM FC,Kuala Lumpur,1,0,1,H
Round 14,2016,15/7/2016,Terengganu FC,Terengganu,Kelantan FC,Kelantan,1,6,-5,A
Round 14,2016,16/7/2016,Selangor FC,Selangor,PDRM FC,Kuala Lumpur,2,1,1,H
Round 14,2016,16/7/2016,Felda United FC,Pahang,Perak FC,Perak,2,1,1,H
Round 14,2016,16/7/2016,Sri Pahang FC,Pahang,Sarawak FA,Sarawak,2,0,2,H
Round 14,2016,16/7/2016,JDT,Johor,Kedah Darul Aman FC,Kedah,5,0,5,H
Round 14,2016,16/7/2016,T Team FC,Terengganu,Penang FC,Pulau Pinang,3,4,-1,A
Round 15,2016,22/7/2016,JDT,Johor,Sarawak FA,Sarawak,2,1,1,H
Round 15,2016,23/7/2016,Kedah Darul Aman FC,Kedah,T Team FC,Terengganu,1,0,1,H
Round 15,2016,23/7/2016,Kelantan FC,Kelantan,Sri Pahang FC,Pahang,0,0,0,D
Round 15,2016,23/7/2016,Perak FC,Perak,Terengganu FC,Terengganu,2,0,2,H
Round 15,2016,23/7/2016,PDRM FC,Kuala Lumpur,Felda United FC,Pahang,1,2,-1,A
Round 15,2016,23/7/2016,Penang FC,Pulau Pinang,Selangor FC,Selangor,1,1,0,D
Round 16,2016,26/7/2016,Selangor FC,Selangor,Felda United FC,Pahang,1,2,-1,A
Round 16,2016,26/7/2016,Sri Pahang FC,Pahang,Perak FC,Perak,1,2,-1,A
Round 16,2016,26/7/2016,JDT,Johor,Kelantan FC,Kelantan,1,0,1,H
Round 16,2016,26/7/2016,T Team FC,Terengganu,Sarawak FA,Sarawak,1,2,-1,A
Round 16,2016,26/7/2016,Penang FC,Pulau Pinang,Kedah Darul Aman FC,Kedah,3,2,1,H
Round 16,2016,27/7/2016,Terengganu FC,Terengganu,PDRM FC,Kuala Lumpur,0,2,-2,A
Round 17,2016,6/8/2016,Sarawak FA,Sarawak,Penang FC,Pulau Pinang,0,2,-2,A
Round 17,2016,6/8/2016,Kedah Darul Aman FC,Kedah,Selangor FC,Selangor,1,0,1,H
Round 17,2016,6/8/2016,Kelantan FC,Kelantan,T Team FC,Terengganu,2,0,2,H
Round 17,2016,6/8/2016,Perak FC,Perak,JDT,Johor,0,1,-1,A
Round 17,2016,6/8/2016,PDRM FC,Kuala Lumpur,Sri Pahang FC,Pahang,1,0,1,H
Round 17,2016,6/8/2016,Felda United FC,Pahang,Terengganu FC,Terengganu,2,2,0,D
Round 18,2016,16/8/2016,Selangor FC,Selangor,Terengganu FC,Terengganu,1,1,0,D
Round 18,2016,16/8/2016,Sri Pahang FC,Pahang,Felda United FC,Pahang,0,3,-3,A
Round 18,2016,16/8/2016,JDT,Johor,PDRM FC,Kuala Lumpur,4,0,4,H
Round 18,2016,16/8/2016,T Team FC,Terengganu,Perak FC,Perak,0,0,0,D
Round 18,2016,16/8/2016,Penang FC,Pulau Pinang,Kelantan FC,Kelantan,2,3,-1,A
Round 18,2016,16/8/2016,Kedah Darul Aman FC,Kedah,Sarawak FA,Sarawak,2,1,1,H
Round 19,2016,24/8/2016,Sarawak FA,Sarawak,Selangor FC,Selangor,1,1,0,D
Round 19,2016,24/8/2016,Kelantan FC,Kelantan,Kedah Darul Aman FC,Kedah,1,2,-1,A
Round 19,2016,24/8/2016,Perak FC,Perak,Penang FC,Pulau Pinang,4,1,3,H
Round 19,2016,24/8/2016,PDRM FC,Kuala Lumpur,T Team FC,Terengganu,1,2,-1,A
Round 19,2016,24/8/2016,Felda United FC,Pahang,JDT,Johor,2,3,-1,A
Round 19,2016,24/8/2016,Terengganu FC,Terengganu,Sri Pahang FC,Pahang,1,1,0,D
Round 20,2016,9/9/2016,JDT,Johor,Terengganu FC,Terengganu,3,0,3,H
Round 20,2016,10/9/2016,Sarawak FA,Sarawak,Kelantan FC,Kelantan,1,1,0,D
Round 20,2016,10/9/2016,Selangor FC,Selangor,Sri Pahang FC,Pahang,0,1,-1,A
Round 20,2016,10/9/2016,T Team FC,Terengganu,Felda United FC,Pahang,3,2,1,H
Round 20,2016,10/9/2016,Penang FC,Pulau Pinang,PDRM FC,Kuala Lumpur,1,1,0,D
Round 20,2016,10/9/2016,Kedah Darul Aman FC,Kedah,Perak FC,Perak,3,1,2,H
Round 21,2016,23/9/2016,PDRM FC,Kuala Lumpur,Kelantan FC,Kelantan,1,2,-1,A
Round 21,2016,24/9/2016,Selangor FC,Selangor,Perak FC,Perak,0,1,-1,A
Round 21,2016,24/9/2016,Felda United FC,Pahang,Sarawak FA,Sarawak,3,3,0,D
Round 21,2016,24/9/2016,Terengganu FC,Terengganu,Kedah Darul Aman FC,Kedah,0,3,-3,A
Round 21,2016,24/9/2016,Sri Pahang FC,Pahang,Penang FC,Pulau Pinang,1,0,1,H
Round 21,2016,24/9/2016,JDT,Johor,T Team FC,Terengganu,5,1,4,H
Round 22,2016,21/10/2016,Kedah Darul Aman FC,Kedah,Felda United FC,Pahang,1,0,1,H
Round 22,2016,22/10/2016,Sarawak FA,Sarawak,PDRM FC,Kuala Lumpur,2,1,1,H
Round 22,2016,22/10/2016,Selangor FC,Selangor,JDT,Johor,1,2,-1,A
Round 22,2016,22/10/2016,T Team FC,Terengganu,Sri Pahang FC,Pahang,1,1,0,D
Round 22,2016,22/10/2016,Penang FC,Pulau Pinang,Terengganu FC,Terengganu,1,0,1,H
Round 22,2016,22/10/2016,Kelantan FC,Kelantan,Perak FC,Perak,2,2,0,D
Round 1,2017,20/1/2017,JDT,Johor,Kedah Darul Aman FC,Kedah,1,1,0,D
Round 1,2017,21/1/2017,Felda United FC,Pahang,PKNS FC,Selangor,1,0,1,H
Round 1,2017,21/1/2017,Selangor FC,Selangor,Penang FC,Pulau Pinang,2,0,2,H
Round 1,2017,21/1/2017,Perak FC,Perak,Sri Pahang FC,Pahang,1,1,0,D
Round 1,2017,21/1/2017,T Team FC,Terengganu,Sarawak FA,Sarawak,1,1,0,D
Round 1,2017,21/2/2017,Kelantan FC,Kelantan,Melaka United FC,Melaka,0,2,-2,A
Round 2,2017,27/1/2017,PKNS FC,Selangor,Kelantan FC,Kelantan,1,3,-2,A
Round 2,2017,27/1/2017,Kedah Darul Aman FC,Kedah,Sarawak FA,Sarawak,3,2,1,H
Round 2,2017,27/1/2017,Sri Pahang FC,Pahang,T Team FC,Terengganu,5,0,5,H
Round 2,2017,27/1/2017,Penang FC,Pulau Pinang,Perak FC,Perak,0,1,-1,A
Round 2,2017,27/1/2017,Selangor FC,Selangor,Melaka United FC,Melaka,1,1,0,D
Round 2,2017,27/1/2017,JDT,Johor,Felda United FC,Pahang,3,1,2,H
Round 3,2017,4/2/2017,PKNS FC,Selangor,Selangor FC,Selangor,5,3,2,H
Round 3,2017,4/2/2017,Sarawak FA,Sarawak,Sri Pahang FC,Pahang,0,1,-1,A
Round 3,2017,4/2/2017,Felda United FC,Pahang,Kedah Darul Aman FC,Kedah,1,1,0,D
Round 3,2017,4/2/2017,Perak FC,Perak,Melaka United FC,Melaka,3,2,1,H
Round 3,2017,4/2/2017,T Team FC,Terengganu,Penang FC,Pulau Pinang,1,0,1,H
Round 3,2017,12/4/2017,Kelantan FC,Kelantan,JDT,Johor,2,3,-1,A
Round 4,2017,11/1/2017,PKNS FC,Selangor,Perak FC,Perak,3,0,3,H
Round 4,2017,11/1/2017,Kedah Darul Aman FC,Kedah,Sri Pahang FC,Pahang,4,1,3,H
Round 4,2017,11/1/2017,Penang FC,Pulau Pinang,Sarawak FA,Sarawak,0,1,-1,A
Round 4,2017,11/1/2017,Melaka United FC,Melaka,T Team FC,Terengganu,1,2,-1,A
Round 4,2017,11/1/2017,JDT,Johor,Selangor FC,Selangor,0,0,0,D
Round 4,2017,11/1/2017,Felda United FC,Pahang,Kelantan FC,Kelantan,1,2,-1,A
Round 5,2017,17/2/2017,Selangor FC,Selangor,Felda United FC,Pahang,3,1,2,H
Round 5,2017,18/2/2017,Sarawak FA,Sarawak,Melaka United FC,Melaka,0,1,-1,A
Round 5,2017,18/2/2017,Kelantan FC,Kelantan,Kedah Darul Aman FC,Kedah,0,1,-1,A
Round 5,2017,18/2/2017,Perak FC,Perak,JDT,Johor,2,1,1,H
Round 5,2017,18/2/2017,T Team FC,Terengganu,PKNS FC,Selangor,2,2,0,D
Round 5,2017,18/2/2017,Sri Pahang FC,Pahang,Penang FC,Pulau Pinang,6,1,5,H
Round 6 ,2017,25/2/2017,PKNS FC,Selangor,Sarawak FA,Sarawak,2,3,-1,A
Round 6 ,2017,25/2/2017,Kedah Darul Aman FC,Kedah,Penang FC,Pulau Pinang,3,1,2,H
Round 6 ,2017,25/2/2017,Melaka United FC,Melaka,Sri Pahang FC,Pahang,1,3,-2,A
Round 6 ,2017,25/2/2017,JDT,Johor,T Team FC,Terengganu,3,0,3,H
Round 6 ,2017,25/2/2017,Felda United FC,Pahang,Perak FC,Perak,2,2,0,D
Round 6 ,2017,25/2/2017,Kelantan FC,Kelantan,Selangor FC,Selangor,0,2,-2,A
Round 7,2017,28/2/2017,Sarawak FA,Sarawak,JDT,Johor,0,2,-2,A
Round 7,2017,28/2/2017,Sri Pahang FC,Pahang,PKNS FC,Selangor,3,0,3,H
Round 7,2017,1/3/2017,Selangor FC,Selangor,Kedah Darul Aman FC,Kedah,1,1,0,D
Round 7,2017,1/3/2017,Perak FC,Perak,Kelantan FC,Kelantan,2,4,-2,A
Round 7,2017,1/3/2017,T Team FC,Terengganu,Felda United FC,Pahang,0,0,0,D
Round 7,2017,1/3/2017,Penang FC,Pulau Pinang,Melaka United FC,Melaka,1,1,0,D
Round 8,2017,3/3/2017,JDT,Johor,Sri Pahang FC,Pahang,3,2,1,H
Round 8,2017,4/3/2017,PKNS FC,Selangor,Penang FC,Pulau Pinang,1,1,0,D
Round 8,2017,4/3/2017,Kedah Darul Aman FC,Kedah,Melaka United FC,Melaka,4,0,4,H
Round 8,2017,4/3/2017,Felda United FC,Pahang,Sarawak FA,Sarawak,2,0,2,H
Round 8,2017,4/3/2017,Kelantan FC,Kelantan,T Team FC,Terengganu,4,2,2,H
Round 8,2017,4/3/2017,Selangor FC,Selangor,Perak FC,Perak,0,1,-1,A
Round 9,2017,8/4/2017,Kedah Darul Aman FC,Kedah,PKNS FC,Selangor,1,1,0,D
Round 9,2017,8/4/2017,Kelantan FC,Kelantan,Sri Pahang FC,Pahang,1,2,-1,A
Round 9,2017,8/4/2017,Selangor FC,Selangor,Sarawak FA,Sarawak,2,1,1,H
Round 9,2017,8/4/2017,Perak FC,Perak,T Team FC,Terengganu,2,2,0,D
Round 9,2017,9/4/2017,JDT,Johor,Melaka United FC,Melaka,7,0,7,H
Round 9,2017,9/4/2017,Felda United FC,Pahang,Penang FC,Pulau Pinang,0,1,-1,A
Round 10,2017,15/4/2017,Sarawak FA,Sarawak,Perak FC,Perak,3,3,0,D
Round 10,2017,16/4/2017,T Team FC,Terengganu,Kedah Darul Aman FC,Kedah,5,0,5,H
Round 10,2017,17/4/2017,Sri Pahang FC,Pahang,Selangor FC,Selangor,2,2,0,D
Round 10,2017,18/4/2017,Penang FC,Pulau Pinang,Kelantan FC,Kelantan,1,5,-4,A
Round 10,2017,19/4/2017,Melaka United FC,Melaka,Felda United FC,Pahang,1,1,0,D
Round 10,2017,15/4/2017,JDT,Johor,PKNS FC,Selangor,2,1,1,H
Round 11,2017,26/4/2017,Sarawak FA,Sarawak,Kelantan FC,Kelantan,0,0,0,D
Round 11,2017,26/4/2017,Perak FC,Perak,Kedah Darul Aman FC,Kedah,1,1,0,D
Round 11,2017,26/4/2017,T Team FC,Terengganu,Selangor FC,Selangor,1,0,1,H
Round 11,2017,26/4/2017,Penang FC,Pulau Pinang,JDT,Johor,1,2,-1,A
Round 11,2017,26/4/2017,Melaka United FC,Melaka,PKNS FC,Selangor,2,2,0,D
Round 11,2017,26/4/2017,Sri Pahang FC,Pahang,Felda United FC,Pahang,1,1,0,D
Round 12,2017,6/5/2017,Melaka United FC,Melaka,JDT,Johor,1,1,0,D
Round 12,2017,6/5/2017,Sri Pahang FC,Pahang,Kelantan FC,Kelantan,2,3,-1,A
Round 12,2017,6/5/2017,T Team FC,Terengganu,Perak FC,Perak,3,0,3,H
Round 12,2017,7/5/2017,Penang FC,Pulau Pinang,Felda United FC,Pahang,1,2,-1,A
Round 12,2017,9/5/2017,Sarawak FA,Sarawak,Selangor FC,Selangor,1,1,0,D
Round 12,2017,9/5/2017,PKNS FC,Selangor,Kedah Darul Aman FC,Kedah,4,4,0,D
Round 13,2017,24/5/2017,Kedah Darul Aman FC,Kedah,T Team FC,Terengganu,3,0,3,H
Round 13,2017,24/5/2017,Perak FC,Perak,Sarawak FA,Sarawak,0,0,0,D
Round 13,2017,24/5/2017,Selangor FC,Selangor,Sri Pahang FC,Pahang,0,2,-2,A
Round 13,2017,24/5/2017,Kelantan FC,Kelantan,Penang FC,Pulau Pinang,2,2,0,D
Round 13,2017,24/5/2017,Felda United FC,Pahang,Melaka United FC,Melaka,3,0,3,H
Round 13,2017,24/5/2017,PKNS FC,Selangor,JDT,Johor,0,1,-1,A
Round 14,2017,1/7/2017,PKNS FC,Selangor,Melaka United FC,Melaka,1,1,0,D
Round 14,2017,1/7/2017,Kedah Darul Aman FC,Kedah,Perak FC,Perak,2,3,-1,A
Round 14,2017,1/7/2017,Selangor FC,Selangor,T Team FC,Terengganu,4,2,2,H
Round 14,2017,1/7/2017,Kelantan FC,Kelantan,Sarawak FA,Sarawak,0,2,-2,A
Round 14,2017,1/7/2017,Felda United FC,Pahang,Sri Pahang FC,Pahang,2,1,1,H
Round 14,2017,1/7/2017,JDT,Johor,Penang FC,Pulau Pinang,2,0,2,H
Round 15,2017,11/7/2017,Sarawak FA,Sarawak,Felda United FC,Pahang,1,3,-2,A
Round 15,2017,11/7/2017,Melaka United FC,Melaka,Kedah Darul Aman FC,Kedah,2,4,-2,A
Round 15,2017,11/7/2017,Penang FC,Pulau Pinang,PKNS FC,Selangor,0,2,-2,A
Round 15,2017,11/7/2017,Sri Pahang FC,Pahang,JDT,Johor,0,2,-2,A
Round 15,2017,11/7/2017,T Team FC,Terengganu,Kelantan FC,Kelantan,3,1,2,H
Round 15,2017,11/7/2017,Perak FC,Perak,Selangor FC,Selangor,0,1,-1,A
Round 16,2017,15/7/2017,Kedah Darul Aman FC,Kedah,Selangor FC,Selangor,1,1,0,D
Round 16,2017,15/7/2017,Kelantan FC,Kelantan,Perak FC,Perak,0,2,-2,A
Round 16,2017,15/7/2017,Felda United FC,Pahang,T Team FC,Terengganu,5,1,4,H
Round 16,2017,15/7/2017,JDT,Johor,Sarawak FA,Sarawak,3,1,2,H
Round 16,2017,15/7/2017,PKNS FC,Selangor,Sri Pahang FC,Pahang,1,3,-2,A
Round 16,2017,15/7/2017,Melaka United FC,Melaka,Penang FC,Pulau Pinang,2,3,-1,A
Round 17,2017,22/7/2017,Sarawak FA,Sarawak,PKNS FC,Selangor,0,1,-1,A
Round 17,2017,22/7/2017,Penang FC,Pulau Pinang,Kedah Darul Aman FC,Kedah,0,2,-2,A
Round 17,2017,22/7/2017,Sri Pahang FC,Pahang,Melaka United FC,Melaka,2,0,2,H
Round 17,2017,22/7/2017,T Team FC,Terengganu,JDT,Johor,1,6,-5,A
Round 17,2017,22/7/2017,Perak FC,Perak,Felda United FC,Pahang,1,0,1,H
Round 17,2017,22/7/2017,Selangor FC,Selangor,Kelantan FC,Kelantan,1,0,1,H
Round 18,2017,26/7/2017,Kedah Darul Aman FC,Kedah,Kelantan FC,Kelantan,5,0,5,H
Round 18,2017,26/7/2017,Felda United FC,Pahang,Selangor FC,Selangor,3,1,2,H
Round 18,2017,26/7/2017,JDT,Johor,Perak FC,Perak,2,1,1,H
Round 18,2017,26/7/2017,PKNS FC,Selangor,T Team FC,Terengganu,2,1,1,H
Round 18,2017,26/7/2017,Melaka United FC,Melaka,Sarawak FA,Sarawak,4,2,2,H
Round 18,2017,26/7/2017,Penang FC,Pulau Pinang,Sri Pahang FC,Pahang,2,0,2,H
Round 19,2017,5/8/2017,Sarawak FA,Sarawak,Penang FC,Pulau Pinang,2,0,2,H
Round 19,2017,5/8/2017,Sri Pahang FC,Pahang,Kedah Darul Aman FC,Kedah,2,1,1,H
Round 19,2017,5/8/2017,T Team FC,Terengganu,Melaka United FC,Melaka,1,5,-4,A
Round 19,2017,5/8/2017,Perak FC,Perak,PKNS FC,Selangor,2,0,2,H
Round 19,2017,5/8/2017,Selangor FC,Selangor,JDT,Johor,2,1,1,H
Round 19,2017,5/8/2017,Kelantan FC,Kelantan,Felda United FC,Pahang,1,1,0,D
Round 20,2017,20/9/2017,Kedah Darul Aman FC,Kedah,Felda United FC,Pahang,1,3,-2,A
Round 20,2017,20/9/2017,JDT,Johor,Kelantan FC,Kelantan,3,0,3,H
Round 20,2017,20/9/2017,Selangor FC,Selangor,PKNS FC,Selangor,1,2,-1,A
Round 20,2017,20/9/2017,Melaka United FC,Melaka,Perak FC,Perak,3,1,2,H
Round 20,2017,20/9/2017,Penang FC,Pulau Pinang,T Team FC,Terengganu,0,2,-2,A
Round 20,2017,20/9/2017,Sri Pahang FC,Pahang,Sarawak FA,Sarawak,3,0,3,H
Round 21,2017,27/9/2017,Sarawak FA,Sarawak,Kedah Darul Aman FC,Kedah,4,2,2,H
Round 21,2017,27/9/2017,T Team FC,Terengganu,Sri Pahang FC,Pahang,0,1,-1,A
Round 21,2017,27/9/2017,Perak FC,Perak,Penang FC,Pulau Pinang,1,0,1,H
Round 21,2017,27/9/2017,Melaka United FC,Melaka,Selangor FC,Selangor,2,0,2,H
Round 21,2017,27/9/2017,Kelantan FC,Kelantan,PKNS FC,Selangor,0,0,0,D
Round 21,2017,28/10/2017,Felda United FC,Pahang,JDT,Johor,3,2,1,H
Round 22,2017,28/10/2017,Kedah Darul Aman FC,Kedah,JDT,Johor,0,0,0,D
Round 22,2017,28/10/2017,PKNS FC,Selangor,Felda United FC,Pahang,2,4,-2,A
Round 22,2017,28/10/2017,Melaka United FC,Melaka,Kelantan FC,Kelantan,1,3,-2,A
Round 22,2017,28/10/2017,Penang FC,Pulau Pinang,Selangor FC,Selangor,1,3,-2,A
Round 22,2017,28/10/2017,Sri Pahang FC,Pahang,Perak FC,Perak,1,1,0,D
Round 22,2017,28/10/2017,Sarawak FA,Sarawak,T Team FC,Terengganu,0,0,0,D
Round 1,2018,3/2/2018,PKNP FC,Perak,Negeri Sembilan FC,Negeri Sembilan,1,0,1,H
Round 1,2018,3/2/2018,Terengganu FC,Terengganu,PKNS FC,Selangor,2,2,0,D
Round 1,2018,3/2/2018,JDT,Johor,Kedah Darul Aman FC,Kedah,2,1,1,H
Round 1,2018,3/2/2018,Melaka United FC,Melaka,Kelantan FC,Kelantan,2,1,1,H
Round 1,2018,4/2/2018,Sri Pahang FC,Pahang,Perak FC,Perak,0,0,0,D
Round 1,2018,4/2/2018,Kuala Lumpur City FC,Kuala Lumpur,Selangor FC,Selangor,0,2,-2,A
Round 2,2018,6/2/2018,JDT,Johor,PKNP FC,Perak,3,0,3,H
Round 2,2018,6/2/2018,Kelantan FC,Kelantan,Terengganu FC,Terengganu,1,1,0,D
Round 2,2018,7/2/2018,Negeri Sembilan FC,Negeri Sembilan,Kuala Lumpur City FC,Kuala Lumpur,2,0,2,H
Round 2,2018,7/2/2018,PKNS FC,Selangor,Sri Pahang FC,Pahang,1,0,1,H
Round 2,2018,7/2/2018,Selangor FC,Selangor,Melaka United FC,Melaka,4,1,3,H
Round 2,2018,7/2/2018,Kedah Darul Aman FC,Kedah,Perak FC,Perak,1,3,-2,A
Round 3,2018,10/2/2018,Terengganu FC,Terengganu,Selangor FC,Selangor,4,1,3,H
Round 3,2018,10/2/2018,Sri Pahang FC,Pahang,Kelantan FC,Kelantan,3,0,3,H
Round 3,2018,10/2/2018,Perak FC,Perak,PKNS FC,Selangor,0,2,-2,A
Round 3,2018,11/2/2018,Kuala Lumpur City FC,Kuala Lumpur,JDT,Johor,1,0,1,H
Round 3,2018,11/2/2018,PKNP FC,Perak,Kedah Darul Aman FC,Kedah,0,1,-1,A
Round 3,2018,11/2/2018,Melaka United FC,Melaka,Negeri Sembilan FC,Negeri Sembilan,3,0,3,H
Round 4,2018,23/2/2018,Negeri Sembilan FC,Negeri Sembilan,Terengganu FC,Terengganu,1,2,-1,A
Round 4,2018,24/2/2018,Kelantan FC,Kelantan,Perak FC,Perak,3,2,1,H
Round 4,2018,24/2/2018,JDT,Johor,Melaka United FC,Melaka,3,0,3,H
Round 4,2018,24/2/2018,Selangor FC,Selangor,Sri Pahang FC,Pahang,1,3,-2,A
Round 4,2018,25/2/2018,PKNP FC,Perak,Kuala Lumpur City FC,Kuala Lumpur,2,1,1,H
Round 4,2018,25/2/2018,PKNS FC,Selangor,Kedah Darul Aman FC,Kedah,3,4,-1,A
Round 5,2018,9/3/2018,PKNS FC,Selangor,Kelantan FC,Kelantan,1,0,1,H
Round 5,2018,10/3/2018,Terengganu FC,Terengganu,JDT,Johor,0,1,-1,A
Round 5,2018,10/3/2018,Sri Pahang FC,Pahang,Negeri Sembilan FC,Negeri Sembilan,4,0,4,H
Round 5,2018,10/3/2018,Kuala Lumpur City FC,Kuala Lumpur,Kedah Darul Aman FC,Kedah,4,3,1,H
Round 5,2018,11/3/2018,Perak FC,Perak,Selangor FC,Selangor,3,0,3,H
Round 5,2018,11/3/2018,Melaka United FC,Melaka,PKNP FC,Perak,2,0,2,H
Round 6,2018,13/4/2018,Kedah Darul Aman FC,Kedah,Selangor FC,Selangor,4,0,4,H
Round 6,2018,13/4/2018,Melaka United FC,Melaka,Terengganu FC,Terengganu,0,3,-3,A
Round 6,2018,14/4/2018,Negeri Sembilan FC,Negeri Sembilan,Kelantan FC,Kelantan,1,1,0,D
Round 6,2018,14/4/2018,JDT,Johor,PKNS FC,Selangor,3,0,3,H
Round 6,2018,15/4/2018,PKNP FC,Perak,Perak FC,Perak,1,2,-1,A
Round 6,2018,15/4/2018,Kuala Lumpur City FC,Kuala Lumpur,Sri Pahang FC,Pahang,2,2,0,D
Round 7,2018,27/4/2018,Terengganu FC,Terengganu,Kedah Darul Aman FC,Kedah,1,1,0,D
Round 7,2018,27/4/2018,PKNS FC,Selangor,PKNP FC,Perak,1,1,0,D
Round 7,2018,28/4/2018,Selangor FC,Selangor,Negeri Sembilan FC,Negeri Sembilan,2,1,1,H
Round 7,2018,28/4/2018,Kelantan FC,Kelantan,JDT,Johor,1,2,-1,A
Round 7,2018,28/4/2018,Sri Pahang FC,Pahang,Melaka United FC,Melaka,2,0,2,H
Round 7,2018,29/4/2018,Perak FC,Perak,Kuala Lumpur City FC,Kuala Lumpur,3,0,3,H
Round 8,2018,1/5/2018,Terengganu FC,Terengganu,Sri Pahang FC,Pahang,1,3,-2,A
Round 8,2018,1/5/2018,Kedah Darul Aman FC,Kedah,Negeri Sembilan FC,Negeri Sembilan,3,3,0,D
Round 8,2018,2/5/2018,JDT,Johor,Selangor FC,Selangor,2,0,2,H
Round 8,2018,2/5/2018,PKNP FC,Perak,Kelantan FC,Kelantan,2,0,2,H
Round 8,2018,2/5/2018,Kuala Lumpur City FC,Kuala Lumpur,PKNS FC,Selangor,2,1,1,H
Round 8,2018,2/5/2018,Melaka United FC,Melaka,Perak FC,Perak,1,2,-1,A
Round 9,2018,5/5/2018,Negeri Sembilan FC,Negeri Sembilan,JDT,Johor,0,4,-4,A
Round 9,2018,5/5/2018,Sri Pahang FC,Pahang,Kedah Darul Aman FC,Kedah,2,2,0,D
Round 9,2018,5/5/2018,Kelantan FC,Kelantan,Kuala Lumpur City FC,Kuala Lumpur,4,2,2,H
Round 9,2018,5/5/2018,PKNS FC,Selangor,Melaka United FC,Melaka,2,0,2,H
Round 9,2018,6/5/2018,Selangor FC,Selangor,PKNP FC,Perak,1,1,0,D
Round 9,2018,6/5/2018,Perak FC,Perak,Terengganu FC,Terengganu,3,2,1,H
Round 10,2018,11/5/2018,Kelantan FC,Kelantan,PKNP FC,Perak,1,2,-1,A
Round 10,2018,11/5/2018,Sri Pahang FC,Pahang,Terengganu FC,Terengganu,0,1,-1,A
Round 10,2018,12/5/2018,Selangor FC,Selangor,JDT,Johor,2,2,0,D
Round 10,2018,12/5/2018,Perak FC,Perak,Melaka United FC,Melaka,0,0,0,D
Round 10,2018,13/5/2018,Negeri Sembilan FC,Negeri Sembilan,Kedah Darul Aman FC,Kedah,1,2,-1,A
Round 10,2018,13/5/2018,PKNS FC,Selangor,Kuala Lumpur City FC,Kuala Lumpur,3,2,1,H
Round 11,2018,22/5/2018,Kedah Darul Aman FC,Kedah,Sri Pahang FC,Pahang,2,0,2,H
Round 11,2018,22/5/2018,Terengganu FC,Terengganu,Perak FC,Perak,2,0,2,H
Round 11,2018,22/5/2018,Kuala Lumpur City FC,Kuala Lumpur,Kelantan FC,Kelantan,5,1,4,H
Round 11,2018,23/5/2018,JDT,Johor,Negeri Sembilan FC,Negeri Sembilan,2,0,2,H
Round 11,2018,23/5/2018,Melaka United FC,Melaka,PKNS FC,Selangor,1,1,0,D
Round 11,2018,26/7/2018,PKNP FC,Perak,Selangor FC,Selangor,0,2,-2,A
Round 12,2018,25/5/2018,Sri Pahang FC,Pahang,Kuala Lumpur City FC,Kuala Lumpur,4,0,4,H
Round 12,2018,26/5/2018,Kelantan FC,Kelantan,Negeri Sembilan FC,Negeri Sembilan,0,2,-2,A
Round 12,2018,26/5/2018,Selangor FC,Selangor,Kedah Darul Aman FC,Kedah,1,2,-1,A
Round 12,2018,26/5/2018,Perak FC,Perak,PKNP FC,Perak,4,3,1,H
Round 12,2018,26/5/2018,Terengganu FC,Terengganu,Melaka United FC,Melaka,1,0,1,H
Round 12,2018,27/5/2018,PKNS FC,Selangor,JDT,Johor,0,0,0,D
Round 13,2018,1/6/2018,Kedah Darul Aman FC,Kedah,Melaka United FC,Melaka,0,2,-2,A
Round 13,2018,1/6/2018,Selangor FC,Selangor,Kelantan FC,Kelantan,4,0,4,H
Round 13,2018,2/6/2018,JDT,Johor,Perak FC,Perak,2,0,2,H
Round 13,2018,2/6/2018,Kuala Lumpur City FC,Kuala Lumpur,Terengganu FC,Terengganu,3,0,3,H
Round 13,2018,2/6/2018,PKNP FC,Perak,Sri Pahang FC,Pahang,1,2,-1,A
Round 13,2018,3/6/2018,Negeri Sembilan FC,Negeri Sembilan,PKNS FC,Selangor,3,1,2,H
Round 14,2018,5/6/2018,Kedah Darul Aman FC,Kedah,Kelantan FC,Kelantan,1,2,-1,A
Round 14,2018,5/6/2018,PKNP FC,Perak,Terengganu FC,Terengganu,2,1,1,H
Round 14,2018,5/6/2018,Kuala Lumpur City FC,Kuala Lumpur,Melaka United FC,Melaka,3,4,-1,A
Round 14,2018,6/6/2018,Negeri Sembilan FC,Negeri Sembilan,Perak FC,Perak,1,1,0,D
Round 14,2018,6/6/2018,Selangor FC,Selangor,PKNS FC,Selangor,2,1,1,H
Round 14,2018,8/6/2018,JDT,Johor,Sri Pahang FC,Pahang,1,0,1,H
Round 15,2018,8/6/2018,Kelantan FC,Kelantan,Kedah Darul Aman FC,Kedah,0,1,-1,A
Round 15,2018,9/6/2018,Perak FC,Perak,Negeri Sembilan FC,Negeri Sembilan,2,0,2,H
Round 15,2018,9/6/2018,Terengganu FC,Terengganu,PKNP FC,Perak,2,1,1,H
Round 15,2018,9/6/2018,Melaka United FC,Melaka,Kuala Lumpur City FC,Kuala Lumpur,2,4,-2,A
Round 15,2018,10/6/2018,PKNS FC,Selangor,Selangor FC,Selangor,2,2,0,D
Round 15,2018,12/6/2018,Sri Pahang FC,Pahang,JDT,Johor,1,2,-1,A
Round 16,2018,19/6/2018,Selangor FC,Selangor,Perak FC,Perak,1,1,0,D
Round 16,2018,19/6/2018,Kelantan FC,Kelantan,PKNS FC,Selangor,0,2,-2,A
Round 16,2018,19/6/2018,Negeri Sembilan FC,Negeri Sembilan,Sri Pahang FC,Pahang,1,3,-2,A
Round 16,2018,19/6/2018,PKNP FC,Perak,Melaka United FC,Melaka,1,2,-1,A
Round 16,2018,20/6/2018,Kedah Darul Aman FC,Kedah,Kuala Lumpur City FC,Kuala Lumpur,3,2,1,H
Round 16,2018,20/6/2018,JDT,Johor,Terengganu FC,Terengganu,2,0,2,H
Round 17,2018,26/6/2018,Perak FC,Perak,Kelantan FC,Kelantan,1,0,1,H
Round 17,2018,26/6/2018,Sri Pahang FC,Pahang,Selangor FC,Selangor,1,1,0,D
Round 17,2018,26/6/2018,Kedah Darul Aman FC,Kedah,PKNS FC,Selangor,2,0,2,H
Round 17,2018,26/6/2018,Melaka United FC,Melaka,JDT,Johor,0,4,-4,A
Round 17,2018,27/6/2018,Terengganu FC,Terengganu,Negeri Sembilan FC,Negeri Sembilan,3,2,1,H
Round 17,2018,27/6/2018,Kuala Lumpur City FC,Kuala Lumpur,PKNP FC,Perak,1,1,0,D
Round 18,2018,10/7/2018,Perak FC,Perak,JDT,Johor,1,2,-1,A
Round 18,2018,10/7/2018,Melaka United FC,Melaka,Kedah Darul Aman FC,Kedah,4,1,3,H
Round 18,2018,10/7/2018,Terengganu FC,Terengganu,Kuala Lumpur City FC,Kuala Lumpur,3,1,2,H
Round 18,2018,11/7/2018,Sri Pahang FC,Pahang,PKNP FC,Perak,0,0,0,D
Round 18,2018,11/7/2018,Kelantan FC,Kelantan,Selangor FC,Selangor,2,1,1,H
Round 18,2018,11/7/2018,PKNS FC,Selangor,Negeri Sembilan FC,Negeri Sembilan,5,3,2,H
Round 19,2018,13/7/2018,Kedah Darul Aman FC,Kedah,JDT,Johor,1,2,-1,A
Round 19,2018,14/7/2018,Perak FC,Perak,Sri Pahang FC,Pahang,1,1,0,D
Round 19,2018,14/7/2018,PKNS FC,Selangor,Terengganu FC,Terengganu,4,0,4,H
Round 19,2018,14/7/2018,Kelantan FC,Kelantan,Melaka United FC,Melaka,1,1,0,D
Round 19,2018,14/7/2018,Negeri Sembilan FC,Negeri Sembilan,PKNP FC,Perak,1,2,-1,A
Round 19,2018,15/7/2018,Selangor FC,Selangor,Kuala Lumpur City FC,Kuala Lumpur,3,3,0,D
Round 20,2018,17/7/2018,Kedah Darul Aman FC,Kedah,Terengganu FC,Terengganu,1,1,0,D
Round 20,2018,18/7/2018,PKNP FC,Perak,PKNS FC,Selangor,0,1,-1,A
Round 20,2018,18/7/2018,Negeri Sembilan FC,Negeri Sembilan,Selangor FC,Selangor,3,1,2,H
Round 20,2018,18/7/2018,Melaka United FC,Melaka,Sri Pahang FC,Pahang,2,2,0,D
Round 20,2018,18/7/2018,Kuala Lumpur City FC,Kuala Lumpur,Perak FC,Perak,1,5,-4,A
Round 20,2018,20/7/2018,JDT,Johor,Kelantan FC,Kelantan,4,0,4,H
Round 21,2018,21/7/2018,Sri Pahang FC,Pahang,PKNS FC,Selangor,1,0,1,H
Round 21,2018,21/7/2018,Melaka United FC,Melaka,Selangor FC,Selangor,3,2,1,H
Round 21,2018,22/7/2018,Perak FC,Perak,Kedah Darul Aman FC,Kedah,0,0,0,D
Round 21,2018,22/7/2018,Kuala Lumpur City FC,Kuala Lumpur,Negeri Sembilan FC,Negeri Sembilan,2,1,1,H
Round 21,2018,23/7/2018,PKNP FC,Perak,JDT,Johor,1,2,-1,A
Round 21,2018,23/7/2018,Terengganu FC,Terengganu,Kelantan FC,Kelantan,2,0,2,H
Round 22,2018,28/7/2018,Negeri Sembilan FC,Negeri Sembilan,Melaka United FC,Melaka,1,3,-2,A
Round 22,2018,28/7/2018,JDT,Johor,Kuala Lumpur City FC,Kuala Lumpur,2,0,2,H
Round 22,2018,28/7/2018,PKNS FC,Selangor,Perak FC,Perak,4,1,3,H
Round 22,2018,29/7/2018,Kedah Darul Aman FC,Kedah,PKNP FC,Perak,1,3,-2,A
Round 22,2018,29/7/2018,Selangor FC,Selangor,Terengganu FC,Terengganu,2,0,2,H
Round 22,2018,29/7/2018,Kelantan FC,Kelantan,Sri Pahang FC,Pahang,2,1,1,H
Round 1,2019,1/2/2019,Kuala Lumpur City FC,Kuala Lumpur,Sri Pahang FC,Pahang,1,3,-2,A
Round 1,2019,1/2/2019,Terengganu FC,Terengganu,PKNS FC,Selangor,1,1,0,D
Round 1,2019,2/2/2019,JDT,Johor,Perak FC,Perak,1,0,1,H
Round 1,2019,2/2/2019,Melaka United FC,Melaka,Petaling Jaya City FC,Selangor,2,1,1,H
Round 1,2019,2/2/2019,PKNP FC,Perak,Kedah Darul Aman FC,Kedah,0,2,-2,A
Round 1,2019,3/2/2019,Selangor FC,Selangor,Felda United FC,Pahang,1,1,0,D
Round 2,2019,8/2/2019,JDT,Johor,Kuala Lumpur City FC,Kuala Lumpur,4,1,3,H
Round 2,2019,8/2/2019,Perak FC,Perak,Kedah Darul Aman FC,Kedah,1,1,0,D
Round 2,2019,9/2/2019,Sri Pahang FC,Pahang,Terengganu FC,Terengganu,3,0,3,H
Round 2,2019,9/2/2019,Petaling Jaya City FC,Selangor,Selangor FC,Selangor,1,1,0,D
Round 2,2019,9/2/2019,PKNS FC,Selangor,Melaka United FC,Melaka,0,1,-1,A
Round 2,2019,10/2/2019,Felda United FC,Pahang,PKNP FC,Perak,1,1,0,D
Round 3,2019,15/2/2019,Terengganu FC,Terengganu,JDT,Johor,2,2,0,D
Round 3,2019,16/2/2019,Kedah Darul Aman FC,Kedah,Felda United FC,Pahang,4,0,4,H
Round 3,2019,16/2/2019,Melaka United FC,Melaka,Sri Pahang FC,Pahang,1,1,0,D
Round 3,2019,16/2/2019,PKNP FC,Perak,Petaling Jaya City FC,Selangor,2,3,-1,A
Round 3,2019,17/2/2019,Selangor FC,Selangor,PKNS FC,Selangor,0,4,-4,A
Round 3,2019,23/4/2019,Kuala Lumpur City FC,Kuala Lumpur,Perak FC,Perak,3,3,0,D
Round 4,2019,22/2/2019,Kuala Lumpur City FC,Kuala Lumpur,Terengganu FC,Terengganu,0,1,-1,A
Round 4,2019,22/2/2019,Petaling Jaya City FC,Selangor,Kedah Darul Aman FC,Kedah,0,2,-2,A
Round 4,2019,23/2/2019,JDT,Johor,Melaka United FC,Melaka,2,1,1,H
Round 4,2019,23/2/2019,Perak FC,Perak,Felda United FC,Pahang,1,1,0,D
Round 4,2019,23/2/2019,PKNS FC,Selangor,PKNP FC,Perak,1,0,1,H
Round 4,2019,24/2/2019,Sri Pahang FC,Pahang,Selangor FC,Selangor,1,1,0,D
Round 5,2019,1/3/2019,Selangor FC,Selangor,JDT,Johor,2,4,-2,A
Round 5,2019,1/3/2019,Terengganu FC,Terengganu,Perak FC,Perak,1,1,0,D
Round 5,2019,2/3/2019,Felda United FC,Pahang,Petaling Jaya City FC,Selangor,1,0,1,H
Round 5,2019,2/3/2019,Kedah Darul Aman FC,Kedah,PKNS FC,Selangor,0,0,0,D
Round 5,2019,2/3/2019,PKNP FC,Perak,Sri Pahang FC,Pahang,0,3,-3,A
Round 5,2019,3/3/2019,Melaka United FC,Melaka,Kuala Lumpur City FC,Kuala Lumpur,2,0,2,H
Round 6,2019,8/3/2019,Sri Pahang FC,Pahang,Kedah Darul Aman FC,Kedah,1,0,1,H
Round 6,2019,9/3/2019,JDT,Johor,PKNP FC,Perak,3,0,3,H
Round 6,2019,9/3/2019,Perak FC,Perak,Petaling Jaya City FC,Selangor,1,0,1,H
Round 6,2019,9/3/2019,PKNS FC,Selangor,Felda United FC,Pahang,2,0,2,H
Round 6,2019,9/3/2019,Terengganu FC,Terengganu,Melaka United FC,Melaka,3,0,3,H
Round 6,2019,10/3/2019,Kuala Lumpur City FC,Kuala Lumpur,Selangor FC,Selangor,2,3,-1,A
Round 7,2019,29/3/2019,Kedah Darul Aman FC,Kedah,JDT,Johor,1,1,0,D
Round 7,2019,29/3/2019,Melaka United FC,Melaka,Perak FC,Perak,0,0,0,D
Round 7,2019,29/3/2019,Selangor FC,Selangor,Terengganu FC,Terengganu,1,0,1,H
Round 7,2019,30/3/2019,Felda United FC,Pahang,Sri Pahang FC,Pahang,1,3,-2,A
Round 7,2019,30/3/2019,Petaling Jaya City FC,Selangor,PKNS FC,Selangor,1,0,1,H
Round 7,2019,30/3/2019,PKNP FC,Perak,Kuala Lumpur City FC,Kuala Lumpur,4,0,4,H
Round 8,2019,5/4/2019,JDT,Johor,Felda United FC,Pahang,3,1,2,H
Round 8,2019,6/4/2019,Kuala Lumpur City FC,Kuala Lumpur,Kedah Darul Aman FC,Kedah,2,1,1,H
Round 8,2019,6/4/2019,Melaka United FC,Melaka,Selangor FC,Selangor,3,4,-1,A
Round 8,2019,6/4/2019,Terengganu FC,Terengganu,PKNP FC,Perak,1,2,-1,A
Round 8,2019,7/4/2019,Sri Pahang FC,Pahang,Petaling Jaya City FC,Selangor,1,1,0,D
Round 8,2019,7/4/2019,Perak FC,Perak,PKNS FC,Selangor,2,2,0,D
Round 9,2019,12/4/2019,Kedah Darul Aman FC,Kedah,Terengganu FC,Terengganu,3,0,3,H
Round 9,2019,12/4/2019,Selangor FC,Selangor,Perak FC,Perak,1,1,0,D
Round 9,2019,13/4/2019,Felda United FC,Pahang,Kuala Lumpur City FC,Kuala Lumpur,1,1,0,D
Round 9,2019,13/4/2019,Petaling Jaya City FC,Selangor,JDT,Johor,0,1,-1,A
Round 9,2019,13/4/2019,PKNP FC,Perak,Melaka United FC,Melaka,1,0,1,H
Round 9,2019,14/4/2019,PKNS FC,Selangor,Sri Pahang FC,Pahang,1,2,-1,A
Round 10,2019,19/4/2019,Terengganu FC,Terengganu,Felda United FC,Pahang,2,1,1,H
Round 10,2019,20/4/2019,JDT,Johor,PKNS FC,Selangor,3,1,2,H
Round 10,2019,20/4/2019,Kuala Lumpur City FC,Kuala Lumpur,Petaling Jaya City FC,Selangor,1,0,1,H
Round 10,2019,20/4/2019,Perak FC,Perak,Sri Pahang FC,Pahang,0,1,-1,A
Round 10,2019,20/4/2019,Selangor FC,Selangor,PKNP FC,Perak,2,1,1,H
Round 10,2019,21/4/2019,Melaka United FC,Melaka,Kedah Darul Aman FC,Kedah,1,0,1,H
Round 11,2019,26/4/2019,Felda United FC,Pahang,Melaka United FC,Melaka,1,1,0,D
Round 11,2019,26/4/2019,Kedah Darul Aman FC,Kedah,Selangor FC,Selangor,1,1,0,D
Round 11,2019,27/4/2019,Petaling Jaya City FC,Selangor,Terengganu FC,Terengganu,1,2,-1,A
Round 11,2019,27/4/2019,PKNP FC,Perak,Perak FC,Perak,0,4,-4,A
Round 11,2019,27/4/2019,PKNS FC,Selangor,Kuala Lumpur City FC,Kuala Lumpur,3,2,1,H
Round 11,2019,28/4/2019,Sri Pahang FC,Pahang,JDT,Johor,1,1,0,D
Round 12,2019,3/5/2019,Kedah Darul Aman FC,Kedah,Kuala Lumpur City FC,Kuala Lumpur,5,2,3,H
Round 12,2019,3/5/2019,PKNS FC,Selangor,Perak FC,Perak,3,3,0,D
Round 12,2019,4/5/2019,Felda United FC,Pahang,JDT,Johor,0,2,-2,A
Round 12,2019,4/5/2019,Petaling Jaya City FC,Selangor,Sri Pahang FC,Pahang,2,0,2,H
Round 12,2019,4/5/2019,PKNP FC,Perak,Terengganu FC,Terengganu,2,2,0,D
Round 12,2019,4/5/2019,Selangor FC,Selangor,Melaka United FC,Melaka,1,1,0,D
Round 13,2019,14/5/2019,JDT,Johor,Sri Pahang FC,Pahang,2,0,2,H
Round 13,2019,14/5/2019,Kuala Lumpur City FC,Kuala Lumpur,PKNS FC,Selangor,2,1,1,H
Round 13,2019,14/5/2019,Perak FC,Perak,PKNP FC,Perak,3,1,2,H
Round 13,2019,14/5/2019,Terengganu FC,Terengganu,Petaling Jaya City FC,Selangor,3,5,-2,A
Round 13,2019,15/5/2019,Melaka United FC,Melaka,Felda United FC,Pahang,6,0,6,H
Round 13,2019,15/5/2019,Selangor FC,Selangor,Kedah Darul Aman FC,Kedah,3,1,2,H
Round 14,2019,17/5/2019,Petaling Jaya City FC,Selangor,Kuala Lumpur City FC,Kuala Lumpur,1,0,1,H
Round 14,2019,17/5/2019,PKNS FC,Selangor,JDT,Johor,1,2,-1,A
Round 14,2019,18/5/2019,Felda United FC,Pahang,Terengganu FC,Terengganu,1,1,0,D
Round 14,2019,18/5/2019,Kedah Darul Aman FC,Kedah,Melaka United FC,Melaka,2,1,1,H
Round 14,2019,18/5/2019,PKNP FC,Perak,Selangor FC,Selangor,1,1,0,D
Round 14,2019,19/5/2019,Sri Pahang FC,Pahang,Perak FC,Perak,0,0,0,D
Round 15,2019,24/5/2019,Terengganu FC,Terengganu,Selangor FC,Selangor,1,0,1,H
Round 15,2019,25/5/2019,Perak FC,Perak,Melaka United FC,Melaka,2,3,-1,A
Round 15,2019,25/5/2019,PKNS FC,Selangor,Petaling Jaya City FC,Selangor,3,0,3,H
Round 15,2019,26/5/2019,JDT,Johor,Kedah Darul Aman FC,Kedah,2,0,2,H
Round 15,2019,26/5/2019,Kuala Lumpur City FC,Kuala Lumpur,PKNP FC,Perak,4,1,3,H
Round 15,2019,17/7/2019,Sri Pahang FC,Pahang,Felda United FC,Pahang,3,1,2,H
Round 16,2019,14/6/2019,Felda United FC,Pahang,PKNS FC,Selangor,5,4,1,H
Round 16,2019,14/6/2019,Kedah Darul Aman FC,Kedah,Sri Pahang FC,Pahang,0,0,0,D
Round 16,2019,14/6/2019,Petaling Jaya City FC,Selangor,Perak FC,Perak,0,1,-1,A
Round 16,2019,14/6/2019,PKNP FC,Perak,JDT,Johor,1,1,0,D
Round 16,2019,15/6/2019,Melaka United FC,Melaka,Terengganu FC,Terengganu,3,3,0,D
Round 16,2019,15/6/2019,Selangor FC,Selangor,Kuala Lumpur City FC,Kuala Lumpur,2,1,1,H
Round 17,2019,18/6/2019,Petaling Jaya City FC,Selangor,Felda United FC,Pahang,1,0,1,H
Round 17,2019,18/6/2019,Sri Pahang FC,Pahang,PKNP FC,Perak,2,0,2,H
Round 17,2019,18/6/2019,Perak FC,Perak,Terengganu FC,Terengganu,3,1,2,H
Round 17,2019,18/6/2019,PKNS FC,Selangor,Kedah Darul Aman FC,Kedah,2,3,-1,A
Round 17,2019,19/6/2019,JDT,Johor,Selangor FC,Selangor,3,2,1,H
Round 17,2019,19/6/2019,Kuala Lumpur City FC,Kuala Lumpur,Melaka United FC,Melaka,0,1,-1,A
Round 18,2019,25/6/2019,Felda United FC,Pahang,Perak FC,Perak,2,3,-1,A
Round 18,2019,25/6/2019,PKNP FC,Perak,PKNS FC,Selangor,2,2,0,D
Round 18,2019,25/6/2019,Selangor FC,Selangor,Sri Pahang FC,Pahang,5,2,3,H
Round 18,2019,26/6/2019,Kedah Darul Aman FC,Kedah,Petaling Jaya City FC,Selangor,3,2,1,H
Round 18,2019,26/6/2019,Melaka United FC,Melaka,JDT,Johor,1,2,-1,A
Round 18,2019,26/6/2019,Terengganu FC,Terengganu,Kuala Lumpur City FC,Kuala Lumpur,3,1,2,H
Round 19,2019,5/7/2019,Kedah Darul Aman FC,Kedah,PKNP FC,Perak,1,1,0,D
Round 19,2019,5/7/2019,PKNS FC,Selangor,Terengganu FC,Terengganu,1,2,-1,A
Round 19,2019,6/7/2019,Petaling Jaya City FC,Selangor,Melaka United FC,Melaka,1,2,-1,A
Round 19,2019,6/7/2019,Sri Pahang FC,Pahang,Kuala Lumpur City FC,Kuala Lumpur,2,0,2,H
Round 19,2019,6/7/2019,Perak FC,Perak,JDT,Johor,0,3,-3,A
Round 19,2019,7/7/2019,Felda United FC,Pahang,Selangor FC,Selangor,1,2,-1,A
Round 20,2019,9/7/2019,Melaka United FC,Melaka,PKNP FC,Perak,2,1,1,H
Round 20,2019,9/7/2019,Sri Pahang FC,Pahang,PKNS FC,Selangor,3,2,1,H
Round 20,2019,9/7/2019,Terengganu FC,Terengganu,Kedah Darul Aman FC,Kedah,2,2,0,D
Round 20,2019,10/7/2019,Kuala Lumpur City FC,Kuala Lumpur,Felda United FC,Pahang,0,2,-2,A
Round 20,2019,10/7/2019,Perak FC,Perak,Selangor FC,Selangor,3,2,1,H
Round 20,2019,16/7/2019,JDT,Johor,Petaling Jaya City FC,Selangor,0,1,-1,A
Round 21,2019,12/7/2019,Terengganu FC,Terengganu,Sri Pahang FC,Pahang,1,1,0,D
Round 21,2019,13/7/2019,Kedah Darul Aman FC,Kedah,Perak FC,Perak,4,2,2,H
Round 21,2019,13/7/2019,Kuala Lumpur City FC,Kuala Lumpur,JDT,Johor,0,4,-4,A
Round 21,2019,13/7/2019,PKNP FC,Perak,Felda United FC,Pahang,1,1,0,D
Round 21,2019,13/7/2019,Selangor FC,Selangor,Petaling Jaya City FC,Selangor,3,0,3,H
Round 21,2019,16/7/2019,Melaka United FC,Melaka,PKNS FC,Selangor,1,1,0,D
Round 22,2019,19/7/2019,JDT,Johor,Terengganu FC,Terengganu,3,3,0,D
Round 22,2019,20/7/2019,Sri Pahang FC,Pahang,Melaka United FC,Melaka,4,1,3,H
Round 22,2019,20/7/2019,PKNS FC,Selangor,Selangor FC,Selangor,2,3,-1,A
Round 22,2019,21/7/2019,Felda United FC,Pahang,Kedah Darul Aman FC,Kedah,5,1,4,H
Round 22,2019,21/7/2019,Petaling Jaya City FC,Selangor,PKNP FC,Perak,1,0,1,H
Round 22,2019,21/7/2019,Perak FC,Perak,Kuala Lumpur City FC,Kuala Lumpur,2,1,1,H
Round 1,2020,28/2/2020,JDT,Johor,Kedah Darul Aman FC,Kedah,1,0,1,H
Round 1,2020,29/2/2020,Sri Pahang FC,Pahang,Selangor FC,Selangor,1,2,-1,A
Round 1,2020,29/2/2020,Terengganu FC,Terengganu,Perak FC,Perak,1,3,-2,H
Round 1,2020,29/2/2020,UiTM FC,Selangor,Melaka United FC,Melaka,0,2,-2,A
Round 1,2020,1/3/2020,Felda United FC,Pahang,Petaling Jaya City FC,Selangor,1,1,0,D
Round 1,2020,1/3/2020,PDRM FC,Kuala Lumpur,Sabah FC,Sabah,0,0,0,D
Round 2,2020,6/3/2020,Melaka United FC,Melaka,PDRM FC,Kuala Lumpur,3,1,2,H
Round 2,2020,6/3/2020,Petaling Jaya City FC,Selangor,Sri Pahang FC,Pahang,3,2,1,H
Round 2,2020,7/3/2020,Sabah FC,Sabah,Felda United FC,Pahang,3,1,2,H
Round 2,2020,7/3/2020,JDT,Johor,UiTM FC,Selangor,2,1,1,H
Round 2,2020,7/3/2020,Kedah Darul Aman FC,Kedah,Terengganu FC,Terengganu,3,4,-1,A
Round 2,2020,7/3/2020,Selangor FC,Selangor,Perak FC,Perak,1,1,0,D
Round 3,2020,10/3/2020,Sri Pahang FC,Pahang,Sabah FC,Sabah,2,0,2,H
Round 3,2020,10/3/2020,PDRM FC,Kuala Lumpur,JDT,Johor,0,1,-1,A
Round 3,2020,11/3/2020,Felda United FC,Pahang,Melaka United FC,Melaka,3,2,1,H
Round 3,2020,11/3/2020,Perak FC,Perak,Petaling Jaya City FC,Selangor,2,0,2,H
Round 3,2020,11/3/2020,Terengganu FC,Terengganu,Selangor FC,Selangor,3,3,0,D
Round 3,2020,11/3/2020,UiTM FC,Selangor,Kedah Darul Aman FC,Kedah,1,1,0,D
Round 4,2020,14/3/2020,Sabah FC,Sabah,Perak FC,Perak,2,2,0,D
Round 4,2020,14/3/2020,JDT,Johor,Felda United FC,Pahang,1,1,0,D
Round 4,2020,14/3/2020,Melaka United FC,Melaka,Sri Pahang FC,Pahang,0,1,-1,A
Round 4,2020,15/3/2020,Kedah Darul Aman FC,Kedah,Selangor FC,Selangor,2,0,2,H
Round 4,2020,15/3/2020,UiTM FC,Selangor,PDRM FC,Kuala Lumpur,3,1,2,H
Round 4,2020,22/8/2020,Petaling Jaya City FC,Selangor,Terengganu FC,Terengganu,0,2,-2,A
Round 5,2020,28/8/2020,Sri Pahang FC,Pahang,JDT,Johor,2,3,-1,A
Round 5,2020,28/8/2020,Felda United FC,Pahang,UiTM FC,Selangor,0,1,-1,A
Round 5,2020,28/8/2020,Perak FC,Perak,Melaka United FC,Melaka,0,1,-1,A
Round 5,2020,29/8/2020,Terengganu FC,Terengganu,Sabah FC,Sabah,4,0,4,H
Round 5,2020,29/8/2020,PDRM FC,Kuala Lumpur,Kedah Darul Aman FC,Kedah,0,2,-2,A
Round 5,2020,29/8/2020,Selangor FC,Selangor,Petaling Jaya City FC,Selangor,0,0,0,D
Round 6,2020,4/9/2020,Sabah FC,Sabah,Selangor FC,Selangor,1,2,-1,A
Round 6,2020,4/9/2020,JDT,Johor,Perak FC,Perak,7,0,7,H
Round 6,2020,4/9/2020,Melaka United FC,Melaka,Terengganu FC,Terengganu,1,0,1,H
Round 6,2020,5/9/2020,Kedah Darul Aman FC,Kedah,Petaling Jaya City FC,Selangor,2,1,1,H
Round 6,2020,5/9/2020,PDRM FC,Kuala Lumpur,Felda United FC,Pahang,1,1,0,D
Round 6,2020,5/9/2020,UiTM FC,Selangor,Sri Pahang FC,Pahang,1,0,1,H
Round 7,2020,11/9/2020,Perak FC,Perak,UiTM FC,Selangor,1,0,1,H
Round 7,2020,11/9/2020,Selangor FC,Selangor,Melaka United FC,Melaka,1,1,0,D
Round 7,2020,11/9/2020,Terengganu FC,Terengganu,JDT,Johor,0,1,-1,A
Round 7,2020,12/9/2020,Felda United FC,Pahang,Kedah Darul Aman FC,Kedah,1,2,-1,A
Round 7,2020,12/9/2020,Sri Pahang FC,Pahang,PDRM FC,Kuala Lumpur,2,1,1,H
Round 7,2020,12/9/2020,Petaling Jaya City FC,Selangor,Sabah FC,Sabah,1,1,0,D
Round 8,2020,19/9/2020,JDT,Johor,Selangor FC,Selangor,6,1,5,H
Round 8,2020,19/9/2020,UiTM FC,Selangor,Terengganu FC,Terengganu,2,1,1,H
Round 8,2020,20/9/2020,Felda United FC,Pahang,Sri Pahang FC,Pahang,2,2,0,D
Round 8,2020,20/9/2020,Melaka United FC,Melaka,Petaling Jaya City FC,Selangor,1,1,0,D
Round 8,2020,20/9/2020,PDRM FC,Kuala Lumpur,Perak FC,Perak,0,2,-2,A
Round 8,2020,21/9/2020,Kedah Darul Aman FC,Kedah,Sabah FC,Sabah,3,1,2,H
Round 9,2020,25/9/2020,Perak FC,Perak,Felda United FC,Pahang,5,1,4,H
Round 9,2020,25/9/2020,Petaling Jaya City FC,Selangor,JDT,Johor,2,2,0,D
Round 9,2020,25/9/2020,Terengganu FC,Terengganu,PDRM FC,Kuala Lumpur,4,0,4,H
Round 9,2020,26/9/2020,Sri Pahang FC,Pahang,Kedah Darul Aman FC,Kedah,2,1,1,H
Round 9,2020,26/9/2020,Selangor FC,Selangor,UiTM FC,Selangor,3,3,0,D
Round 9,2020,27/9/2020,Sabah FC,Sabah,Melaka United FC,Melaka,3,2,1,H
Round 10,2020,2/10/2020,JDT,Johor,Sabah FC,Sabah,4,1,3,H
Round 10,2020,2/10/2020,UiTM FC,Selangor,Petaling Jaya City FC,Selangor,2,4,-2,A
Round 10,2020,3/10/2020,Felda United FC,Pahang,Terengganu FC,Terengganu,0,3,-3,A
Round 10,2020,3/10/2020,Sri Pahang FC,Pahang,Perak FC,Perak,3,3,0,D
Round 10,2020,3/10/2020,PDRM FC,Kuala Lumpur,Selangor FC,Selangor,0,7,-7,A
Round 10,2020,5/10/2020,Kedah Darul Aman FC,Kedah,Melaka United FC,Melaka,1,0,1,H
Round 11,2020,10/10/2020,Melaka United FC,Melaka,JDT,Johor,0,5,-5,A
Round 11,2020,10/10/2020,Petaling Jaya City FC,Selangor,PDRM FC,Kuala Lumpur,4,1,3,H
Round 11,2020,10/10/2020,Selangor FC,Selangor,Felda United FC,Pahang,6,1,5,H
Round 11,2020,11/10/2020,Perak FC,Perak,Kedah Darul Aman FC,Kedah,2,3,-1,A
Round 11,2020,11/10/2020,Terengganu FC,Terengganu,Sri Pahang FC,Pahang,2,1,1,H
Round 11,2020,31/10/2020,Sabah FC,Sabah,UiTM FC,Selangor,0,3,-3,A
Round 1,2021,5/3/2021,JDT,Johor,Kedah Darul Aman FC,Kedah,2,0,2,H
Round 1,2021,6/3/2021,Melaka United FC,Melaka,Sabah FC,Sabah,1,1,0,D
Round 1,2021,6/3/2021,Penang FC,Pulau Pinang,Kuala Lumpur City FC,Kuala Lumpur,1,0,1,H
Round 1,2021,6/3/2021,Selangor FC,Selangor,Sri Pahang FC,Pahang,3,1,2,H
Round 1,2021,6/3/2021,UiTM FC,Selangor,Terengganu FC,Terengganu,1,2,-1,A
Round 1,2021,7/3/2021,Perak FC,Perak,Petaling Jaya City FC,Selangor,0,0,0,D
Round 2,2021,9/3/2021,JDT,Johor,Penang FC,Pulau Pinang,2,0,2,H
Round 2,2021,9/3/2021,Kedah Darul Aman FC,Kedah,Sabah FC,Sabah,2,0,2,H
Round 2,2021,9/3/2021,Terengganu FC,Terengganu,Selangor FC,Selangor,3,1,2,H
Round 2,2021,10/3/2021,Kuala Lumpur City FC,Kuala Lumpur,UiTM FC,Selangor,1,0,1,H
Round 2,2021,10/3/2021,Sri Pahang FC,Pahang,Perak FC,Perak,0,2,-2,A
Round 2,2021,10/3/2021,Petaling Jaya City FC,Selangor,Melaka United FC,Melaka,2,2,0,D
Round 3,2021,12/3/2021,Penang FC,Pulau Pinang,Kedah Darul Aman FC,Kedah,1,1,0,D
Round 3,2021,13/3/2021,Sabah FC,Sabah,Petaling Jaya City FC,Selangor,0,1,-1,A
Round 3,2021,13/3/2021,Melaka United FC,Melaka,Sri Pahang FC,Pahang,0,0,0,D
Round 3,2021,13/3/2021,Selangor FC,Selangor,Kuala Lumpur City FC,Kuala Lumpur,1,1,0,D
Round 3,2021,13/3/2021,UiTM FC,Selangor,JDT,Johor,0,4,-4,A
Round 3,2021,14/3/2021,Perak FC,Perak,Terengganu FC,Terengganu,0,2,-2,A
Round 4,2021,16/3/2021,Sri Pahang FC,Pahang,Sabah FC,Sabah,2,1,1,H
Round 4,2021,16/3/2021,Penang FC,Pulau Pinang,UiTM FC,Selangor,0,0,0,D
Round 4,2021,17/3/2021,JDT,Johor,Selangor FC,Selangor,1,1,0,D
Round 4,2021,17/3/2021,Kedah Darul Aman FC,Kedah,Petaling Jaya City FC,Selangor,3,1,2,H
Round 4,2021,17/3/2021,Kuala Lumpur City FC,Kuala Lumpur,Perak FC,Perak,3,0,3,H
Round 4,2021,17/3/2021,Terengganu FC,Terengganu,Melaka United FC,Melaka,1,1,0,D
Round 5,2021,20/3/2021,Melaka United FC,Melaka,Kuala Lumpur City FC,Kuala Lumpur,2,1,1,H
Round 5,2021,20/3/2021,Selangor FC,Selangor,Penang FC,Pulau Pinang,0,2,-2,A
Round 5,2021,20/3/2021,UiTM FC,Selangor,Kedah Darul Aman FC,Kedah,0,1,-1,A
Round 5,2021,21/3/2021,Sabah FC,Sabah,Terengganu FC,Terengganu,2,1,1,H
Round 5,2021,21/3/2021,Perak FC,Perak,JDT,Johor,2,2,0,D
Round 5,2021,21/3/2021,Petaling Jaya City FC,Selangor,Sri Pahang FC,Pahang,1,0,1,H
Round 6,2021,2/4/2021,JDT,Johor,Melaka United FC,Melaka,3,0,3,H
Round 6,2021,2/4/2021,Kedah Darul Aman FC,Kedah,Sri Pahang FC,Pahang,3,1,2,H
Round 6,2021,2/4/2021,Terengganu FC,Terengganu,Petaling Jaya City FC,Selangor,0,0,0,D
Round 6,2021,3/4/2021,Kuala Lumpur City FC,Kuala Lumpur,Sabah FC,Sabah,0,0,0,D
Round 6,2021,3/4/2021,Penang FC,Pulau Pinang,Perak FC,Perak,2,1,1,H
Round 6,2021,3/4/2021,UiTM FC,Selangor,Selangor FC,Selangor,0,2,-2,A
Round 7,2021,6/4/2021,Sabah FC,Sabah,JDT,Johor,1,4,-3,A
Round 7,2021,6/4/2021,Melaka United FC,Melaka,Penang FC,Pulau Pinang,1,2,-1,A
Round 7,2021,6/4/2021,Sri Pahang FC,Pahang,Terengganu FC,Terengganu,1,1,0,D
Round 7,2021,6/4/2021,Selangor FC,Selangor,Kedah Darul Aman FC,Kedah,1,2,-1,A
Round 7,2021,7/4/2021,Perak FC,Perak,UiTM FC,Selangor,3,2,1,H
Round 7,2021,7/4/2021,Petaling Jaya City FC,Selangor,Kuala Lumpur City FC,Kuala Lumpur,2,2,0,D
Round 8,2021,9/4/2021,Kedah Darul Aman FC,Kedah,Terengganu FC,Terengganu,1,2,-1,A
Round 8,2021,10/4/2021,JDT,Johor,Petaling Jaya City FC,Selangor,3,0,3,H
Round 8,2021,10/4/2021,Kuala Lumpur City FC,Kuala Lumpur,Sri Pahang FC,Pahang,2,1,1,H
Round 8,2021,10/4/2021,Selangor FC,Selangor,Perak FC,Perak,3,1,2,H
Round 8,2021,10/4/2021,UiTM FC,Selangor,Melaka United FC,Melaka,0,3,-3,A
Round 8,2021,11/4/2021,Penang FC,Pulau Pinang,Sabah FC,Sabah,1,1,0,D
Round 9,2021,16/4/2021,Sri Pahang FC,Pahang,JDT,Johor,0,2,-2,A
Round 9,2021,16/4/2021,Terengganu FC,Terengganu,Kuala Lumpur City FC,Kuala Lumpur,1,0,1,H
Round 9,2021,17/4/2021,Sabah FC,Sabah,UiTM FC,Selangor,4,0,4,H
Round 9,2021,17/4/2021,Perak FC,Perak,Kedah Darul Aman FC,Kedah,1,1,0,D
Round 9,2021,18/4/2021,Melaka United FC,Melaka,Selangor FC,Selangor,2,3,-1,A
Round 9,2021,18/4/2021,Petaling Jaya City FC,Selangor,Penang FC,Pulau Pinang,1,1,0,D
Round 10,2021,23/4/2021,Kedah Darul Aman FC,Kedah,Kuala Lumpur City FC,Kuala Lumpur,3,2,1,H
Round 10,2021,23/4/2021,Selangor FC,Selangor,Sabah FC,Sabah,2,2,0,D
Round 10,2021,24/4/2021,Penang FC,Pulau Pinang,Sri Pahang FC,Pahang,3,0,3,H
Round 10,2021,24/4/2021,UiTM FC,Selangor,Petaling Jaya City FC,Selangor,0,1,-1,A
Round 10,2021,24/4/2021,JDT,Johor,Terengganu FC,Terengganu,0,1,-1,A
Round 10,2021,25/4/2021,Perak FC,Perak,Melaka United FC,Melaka,0,1,-1,A
Round 11,2021,30/4/2021,Kuala Lumpur City FC,Kuala Lumpur,JDT,Johor,1,1,0,D
Round 11,2021,30/4/2021,Melaka United FC,Melaka,Kedah Darul Aman FC,Kedah,1,3,-2,A
Round 11,2021,1/5/2021,Sri Pahang FC,Pahang,UiTM FC,Selangor,5,0,5,H
Round 11,2021,1/5/2021,Terengganu FC,Terengganu,Penang FC,Pulau Pinang,2,5,-3,A
Round 11,2021,2/5/2021,Sabah FC,Sabah,Perak FC,Perak,2,1,1,H
Round 11,2021,2/5/2021,Petaling Jaya City FC,Selangor,Selangor FC,Selangor,1,2,-1,A
Round 12,2021,4/5/2021,Kedah Darul Aman FC,Kedah,JDT,Johor,0,1,-1,A
Round 12,2021,4/5/2021,Kuala Lumpur City FC,Kuala Lumpur,Penang FC,Pulau Pinang,3,1,2,H
Round 12,2021,4/5/2021,Terengganu FC,Terengganu,UiTM FC,Selangor,3,0,3,H
Round 12,2021,5/5/2021,Sabah FC,Sabah,Melaka United FC,Melaka,3,1,2,H
Round 12,2021,5/5/2021,Sri Pahang FC,Pahang,Selangor FC,Selangor,2,2,0,D
Round 12,2021,5/5/2021,Petaling Jaya City FC,Selangor,Perak FC,Perak,0,1,-1,A
Round 13,2021,8/5/2021,Sabah FC,Sabah,Kedah Darul Aman FC,Kedah,0,1,-1,A
Round 13,2021,8/5/2021,Penang FC,Pulau Pinang,JDT,Johor,0,3,-3,A
Round 13,2021,8/5/2021,UiTM FC,Selangor,Kuala Lumpur City FC,Kuala Lumpur,1,1,0,D
Round 13,2021,9/5/2021,Melaka United FC,Melaka,Petaling Jaya City FC,Selangor,0,0,0,D
Round 13,2021,9/5/2021,Perak FC,Perak,Sri Pahang FC,Pahang,2,3,-1,A
Round 13,2021,9/5/2021,Selangor FC,Selangor,Terengganu FC,Terengganu,1,2,-1,A
Round 14,2021,24/7/2021,Kuala Lumpur City FC,Kuala Lumpur,Selangor FC,Selangor,1,1,0,D
Round 14,2021,24/7/2021,Petaling Jaya City FC,Selangor,Sabah FC,Sabah,1,0,1,H
Round 14,2021,24/7/2021,Terengganu FC,Terengganu,Perak FC,Perak,5,0,5,H
Round 14,2021,25/7/2021,JDT,Johor,UiTM FC,Selangor,3,1,2,H
Round 14,2021,25/7/2021,Sri Pahang FC,Pahang,Melaka United FC,Melaka,1,1,0,D
Round 14,2021,17/8/2021,Kedah Darul Aman FC,Kedah,Penang FC,Pulau Pinang,4,1,3,H
Round 15,2021,27/7/2021,Perak FC,Perak,Kuala Lumpur City FC,Kuala Lumpur,0,0,0,D
Round 15,2021,28/7/2021,Sabah FC,Sabah,Sri Pahang FC,Pahang,2,2,0,D
Round 15,2021,28/7/2021,Melaka United FC,Melaka,Terengganu FC,Terengganu,2,0,2,H
Round 15,2021,28/7/2021,Selangor FC,Selangor,JDT,Johor,1,3,-2,A
Round 15,2021,28/7/2021,UiTM FC,Selangor,Penang FC,Pulau Pinang,0,1,-1,A
Round 15,2021,25/8/2021,Petaling Jaya City FC,Selangor,Kedah Darul Aman FC,Kedah,1,4,-3,A
Round 16,2021,31/7/2021,JDT,Johor,Perak FC,Perak,5,0,5,H
Round 16,2021,31/7/2021,Penang FC,Pulau Pinang,Selangor FC,Selangor,1,4,-3,A
Round 16,2021,31/7/2021,Kuala Lumpur City FC,Kuala Lumpur,Melaka United FC,Melaka,1,1,0,D
Round 16,2021,1/8/2021,Sri Pahang FC,Pahang,Petaling Jaya City FC,Selangor,1,0,1,H
Round 16,2021,1/8/2021,Terengganu FC,Terengganu,Sabah FC,Sabah,0,0,0,D
Round 16,2021,8/9/2021,Kedah Darul Aman FC,Kedah,UiTM FC,Selangor,3,3,0,D
Round 17,2021,3/8/2021,Melaka United FC,Melaka,JDT,Johor,0,1,-1,A
Round 17,2021,3/8/2021,Perak FC,Perak,Penang FC,Pulau Pinang,3,5,-2,A
Round 17,2021,3/8/2021,Selangor FC,Selangor,UiTM FC,Selangor,2,0,2,H
Round 17,2021,4/8/2021,Sabah FC,Sabah,Kuala Lumpur City FC,Kuala Lumpur,1,1,0,D
Round 17,2021,4/8/2021,Petaling Jaya City FC,Selangor,Terengganu FC,Terengganu,0,3,-3,A
Round 17,2021,1/9/2021,Sri Pahang FC,Pahang,Kedah Darul Aman FC,Kedah,2,2,0,D
Round 18,2021,7/8/2021,Penang FC,Pulau Pinang,Melaka United FC,Melaka,2,1,1,H
Round 18,2021,7/8/2021,UiTM FC,Selangor,Perak FC,Perak,2,0,2,H
Round 18,2021,7/8/2021,Kuala Lumpur City FC,Kuala Lumpur,Petaling Jaya City FC,Selangor,1,0,1,H
Round 18,2021,7/8/2021,Terengganu FC,Terengganu,Sri Pahang FC,Pahang,2,0,2,H
Round 18,2021,8/8/2021,JDT,Johor,Sabah FC,Sabah,2,0,2,H
Round 18,2021,13/8/2021,Kedah Darul Aman FC,Kedah,Selangor FC,Selangor,2,4,-2,A
Round 19,2021,20/8/2021,Sri Pahang FC,Pahang,Kuala Lumpur City FC,Kuala Lumpur,0,2,-2,A
Round 19,2021,21/8/2021,Petaling Jaya City FC,Selangor,JDT,Johor,0,2,-2,A
Round 19,2021,21/8/2021,Terengganu FC,Terengganu,Kedah Darul Aman FC,Kedah,1,2,-1,A
Round 19,2021,21/8/2021,Perak FC,Perak,Selangor FC,Selangor,0,3,-3,A
Round 19,2021,22/8/2021,Sabah FC,Sabah,Penang FC,Pulau Pinang,0,3,-3,A
Round 19,2021,22/8/2021,Melaka United FC,Melaka,UiTM FC,Selangor,1,1,0,D
Round 20,2021,27/8/2021,JDT,Johor,Sri Pahang FC,Pahang,3,0,3,H
Round 20,2021,28/8/2021,Kedah Darul Aman FC,Kedah,Perak FC,Perak,1,0,1,H
Round 20,2021,28/8/2021,Selangor FC,Selangor,Melaka United FC,Melaka,1,1,0,D
Round 20,2021,28/8/2021,UiTM FC,Selangor,Sabah FC,Sabah,4,0,4,H
Round 20,2021,29/8/2021,Kuala Lumpur City FC,Kuala Lumpur,Terengganu FC,Terengganu,1,0,1,H
Round 20,2021,29/8/2021,Penang FC,Pulau Pinang,Petaling Jaya City FC,Selangor,2,1,1,H
Round 21,2021,3/9/2021,Melaka United FC,Melaka,Perak FC,Perak,2,1,1,H
Round 21,2021,4/9/2021,Kuala Lumpur City FC,Kuala Lumpur,Kedah Darul Aman FC,Kedah,2,1,1,H
Round 21,2021,4/9/2021,Terengganu FC,Terengganu,JDT,Johor,0,1,-1,A
Round 21,2021,4/9/2021,Petaling Jaya City FC,Selangor,UiTM FC,Selangor,1,0,1,H
Round 21,2021,5/9/2021,Sabah FC,Sabah,Selangor FC,Selangor,0,6,-6,A
Round 21,2021,5/9/2021,Sri Pahang FC,Pahang,Penang FC,Pulau Pinang,1,2,-1,A
Round 22,2021,12/9/2021,Kedah Darul Aman FC,Kedah,Melaka United FC,Melaka,4,1,3,H
Round 22,2021,12/9/2021,Perak FC,Perak,Sabah FC,Sabah,2,1,1,H
Round 22,2021,12/9/2021,Selangor FC,Selangor,Petaling Jaya City FC,Selangor,1,2,-1,A
Round 22,2021,12/9/2021,JDT,Johor,Kuala Lumpur City FC,Kuala Lumpur,2,1,1,H
Round 22,2021,12/9/2021,Penang FC,Pulau Pinang,Terengganu FC,Terengganu,2,2,0,D
Round 22,2021,12/9/2021,UiTM FC,Selangor,Sri Pahang FC,Pahang,1,0,1,H
Round 1,2022,4/3/2022,Sabah FC,Sabah,Negeri Sembilan FC,Negeri Sembilan,0,1,-1,A
Round 1,2022,4/3/2022,JDT,Johor,Penang FC,Pulau Pinang,1,0,1,H
Round 1,2022,4/3/2022,Sarawak United FC,Sarawak,Kedah Darul Aman FC,Kedah,0,1,-1,A
Round 1,2022,4/3/2022,Kuala Lumpur City FC,Kuala Lumpur,Selangor FC,Selangor,3,3,0,D
Round 1,2022,5/3/2022,Petaling Jaya City FC,Selangor,Melaka United FC,Melaka,1,0,1,H
Round 1,2022,21/8/2022,Sri Pahang FC,Pahang,Terengganu FC,Terengganu,1,2,-1,A
Round 2,2022,8/3/2022,Penang FC,Pulau Pinang,Melaka United FC,Melaka,1,1,0,D
Round 2,2022,9/3/2022,Sabah FC,Sabah,Petaling Jaya City FC,Selangor,3,1,2,H
Round 2,2022,9/3/2022,JDT,Johor,Sarawak United FC,Sarawak,6,0,6,H
Round 2,2022,9/3/2022,Kedah Darul Aman FC,Kedah,Kuala Lumpur City FC,Kuala Lumpur,3,2,1,H
Round 2,2022,29/4/2022,Selangor FC,Selangor,Sri Pahang FC,Pahang,3,1,2,H
Round 2,2022,29/6/2022,Terengganu FC,Terengganu,Negeri Sembilan FC,Negeri Sembilan,0,0,0,D
Round 3,2022,5/4/2022,Sarawak United FC,Sarawak,Penang FC,Pulau Pinang,1,1,0,D
Round 3,2022,5/4/2022,Melaka United FC,Melaka,Sabah FC,Sabah,0,1,-1,A
Round 3,2022,5/4/2022,Negeri Sembilan FC,Negeri Sembilan,Selangor FC,Selangor,2,2,0,D
Round 3,2022,6/4/2022,Kedah Darul Aman FC,Kedah,Sri Pahang FC,Pahang,1,0,1,H
Round 3,2022,6/4/2022,Kuala Lumpur City FC,Kuala Lumpur,JDT,Johor,0,3,-3,A
Round 3,2022,6/4/2022,Petaling Jaya City FC,Selangor,Terengganu FC,Terengganu,3,0,3,H
Round 4,2022,9/4/2022,Kuala Lumpur City FC,Kuala Lumpur,Melaka United FC,Melaka,2,0,2,H
Round 4,2022,9/4/2022,Penang FC,Pulau Pinang,Negeri Sembilan FC,Negeri Sembilan,1,1,0,D
Round 4,2022,9/4/2022,Sri Pahang FC,Pahang,Petaling Jaya City FC,Selangor,1,1,0,D
Round 4,2022,10/4/2022,Sarawak United FC,Sarawak,Sabah FC,Sabah,0,1,-1,A
Round 4,2022,10/4/2022,JDT,Johor,Terengganu FC,Terengganu,2,1,1,H
Round 4,2022,10/4/2022,Selangor FC,Selangor,Kedah Darul Aman FC,Kedah,4,1,3,H
Round 5,2022,16/4/2022,Kuala Lumpur City FC,Kuala Lumpur,Sabah FC,Sabah,2,0,2,H
Round 5,2022,16/4/2022,Negeri Sembilan FC,Negeri Sembilan,Petaling Jaya City FC,Selangor,3,1,2,H
Round 5,2022,16/4/2022,Sri Pahang FC,Pahang,Melaka United FC,Melaka,1,2,-1,A
Round 5,2022,17/4/2022,Sarawak United FC,Sarawak,Terengganu FC,Terengganu,0,2,-2,A
Round 5,2022,17/4/2022,Penang FC,Pulau Pinang,Kedah Darul Aman FC,Kedah,1,2,-1,A
Round 5,2022,24/6/2022,JDT,Johor,Selangor FC,Selangor,5,1,4,H
Round 6,2022,22/4/2022,Terengganu FC,Terengganu,Selangor FC,Selangor,2,0,2,H
Round 6,2022,23/4/2022,Petaling Jaya City FC,Selangor,Sarawak United FC,Sarawak,1,3,-2,A
Round 6,2022,23/4/2022,Sri Pahang FC,Pahang,Penang FC,Pulau Pinang,3,1,2,H
Round 6,2022,24/4/2022,Sabah FC,Sabah,Kedah Darul Aman FC,Kedah,4,0,4,H
Round 6,2022,24/4/2022,Negeri Sembilan FC,Negeri Sembilan,Kuala Lumpur City FC,Kuala Lumpur,2,1,1,H
Round 6,2022,2/7/2022,Melaka United FC,Melaka,JDT,Johor,1,1,0,D
Round 7,2022,6/5/2022,Sarawak United FC,Sarawak,Negeri Sembilan FC,Negeri Sembilan,1,2,-1,A
Round 7,2022,6/5/2022,Kedah Darul Aman FC,Kedah,Melaka United FC,Melaka,2,3,-1,A
Round 7,2022,7/5/2022,Kuala Lumpur City FC,Kuala Lumpur,Sri Pahang FC,Pahang,1,2,-1,A
Round 7,2022,22/6/2022,Penang FC,Pulau Pinang,Terengganu FC,Terengganu,2,1,1,H
Round 7,2022,28/6/2022,JDT,Johor,Petaling Jaya City FC,Selangor,4,0,4,H
Round 7,2022,28/6/2022,Selangor FC,Selangor,Sabah FC,Sabah,1,1,0,D
Round 8,2022,10/5/2022,Kuala Lumpur City FC,Kuala Lumpur,Penang FC,Pulau Pinang,3,2,1,H
Round 8,2022,10/5/2022,Petaling Jaya City FC,Selangor,Kedah Darul Aman FC,Kedah,3,3,0,D
Round 8,2022,11/5/2022,Sri Pahang FC,Pahang,Sarawak United FC,Sarawak,1,2,-1,A
Round 8,2022,11/5/2022,Negeri Sembilan FC,Negeri Sembilan,JDT,Johor,0,1,-1,A
Round 8,2022,5/7/2022,Melaka United FC,Melaka,Selangor FC,Selangor,2,0,2,H
Round 8,2022,19/7/2022,Sabah FC,Sabah,Terengganu FC,Terengganu,2,1,1,H
Round 9,2022,17/5/2022,Sarawak United FC,Sarawak,Kuala Lumpur City FC,Kuala Lumpur,1,2,-1,A
Round 9,2022,17/5/2022,Kedah Darul Aman FC,Kedah,Negeri Sembilan FC,Negeri Sembilan,0,0,0,D
Round 9,2022,17/5/2022,Penang FC,Pulau Pinang,Sabah FC,Sabah,2,4,-2,A
Round 9,2022,19/5/2022,JDT,Johor,Sri Pahang FC,Pahang,2,2,0,D
Round 9,2022,21/8/2022,Selangor FC,Selangor,Petaling Jaya City FC,Selangor,0,1,-1,A
Round 9,2022,3/9/2022,Terengganu FC,Terengganu,Melaka United FC,Melaka,5,0,5,H
Round 10,2022,18/6/2022,Melaka United FC,Melaka,Negeri Sembilan FC,Negeri Sembilan,0,0,0,D
Round 10,2022,18/6/2022,Sabah FC,Sabah,Sri Pahang FC,Pahang,2,1,1,H
Round 10,2022,18/6/2022,Penang FC,Pulau Pinang,Petaling Jaya City FC,Selangor,1,1,0,D
Round 10,2022,18/6/2022,Terengganu FC,Terengganu,Kuala Lumpur City FC,Kuala Lumpur,2,0,2,H
Round 10,2022,19/6/2022,Selangor FC,Selangor,Sarawak United FC,Sarawak,7,0,7,H
Round 10,2022,4/10/2022,Kedah Darul Aman FC,Kedah,JDT,Johor,1,3,-2,A
Round 11,2022,25/6/2022,Negeri Sembilan FC,Negeri Sembilan,Sri Pahang FC,Pahang,3,0,3,H
Round 11,2022,25/6/2022,Melaka United FC,Melaka,Sarawak United FC,Sarawak,2,3,-1,A
Round 11,2022,15/7/2022,Sabah FC,Sabah,JDT,Johor,1,2,-1,A
Round 11,2022,15/7/2022,Terengganu FC,Terengganu,Kedah Darul Aman FC,Kedah,2,1,1,H
Round 11,2022,16/7/2022,Kuala Lumpur City FC,Kuala Lumpur,Petaling Jaya City FC,Selangor,0,0,0,D
Round 11,2022,16/7/2022,Selangor FC,Selangor,Penang FC,Pulau Pinang,2,0,2,H
Round 12,2022,3/7/2022,Negeri Sembilan FC,Negeri Sembilan,Sabah FC,Sabah,0,1,-1,A
Round 12,2022,3/7/2022,Terengganu FC,Terengganu,Sri Pahang FC,Pahang,2,1,1,H
Round 12,2022,19/7/2022,Kedah Darul Aman FC,Kedah,Sarawak United FC,Sarawak,3,1,2,H
Round 12,2022,20/7/2022,Selangor FC,Selangor,Kuala Lumpur City FC,Kuala Lumpur,1,1,0,D
Round 12,2022,20/7/2022,Penang FC,Pulau Pinang,JDT,Johor,0,1,-1,A
Round 12,2022,20/7/2022,Melaka United FC,Melaka,Petaling Jaya City FC,Selangor,2,2,0,D
Round 13,2022,26/7/2022,Petaling Jaya City FC,Selangor,Sabah FC,Sabah,1,2,-1,A
Round 13,2022,26/7/2022,Melaka United FC,Melaka,Penang FC,Pulau Pinang,4,1,3,H
Round 13,2022,27/7/2022,Sarawak United FC,Sarawak,JDT,Johor,0,4,-4,A
Round 13,2022,27/7/2022,Sri Pahang FC,Pahang,Selangor FC,Selangor,2,0,2,H
Round 13,2022,27/7/2022,Negeri Sembilan FC,Negeri Sembilan,Terengganu FC,Terengganu,2,1,1,H
Round 13,2022,27/7/2022,Kuala Lumpur City FC,Kuala Lumpur,Kedah Darul Aman FC,Kedah,2,1,1,H
Round 14,2022,31/7/2022,Sabah FC,Sabah,Melaka United FC,Melaka,2,1,1,H
Round 14,2022,31/7/2022,Penang FC,Pulau Pinang,Sarawak United FC,Sarawak,2,3,-1,A
Round 14,2022,31/7/2022,Selangor FC,Selangor,Negeri Sembilan FC,Negeri Sembilan,2,3,-1,A
Round 14,2022,1/8/2022,JDT,Johor,Kuala Lumpur City FC,Kuala Lumpur,5,0,5,H
Round 14,2022,1/8/2022,Sri Pahang FC,Pahang,Kedah Darul Aman FC,Kedah,2,0,2,H
Round 14,2022,1/8/2022,Terengganu FC,Terengganu,Petaling Jaya City FC,Selangor,0,0,0,D
Round 15,2022,9/8/2022,Sabah FC,Sabah,Sarawak United FC,Sarawak,1,0,1,H
Round 15,2022,9/8/2022,Negeri Sembilan FC,Negeri Sembilan,Penang FC,Pulau Pinang,3,2,1,H
Round 15,2022,9/8/2022,Petaling Jaya City FC,Selangor,Sri Pahang FC,Pahang,0,3,-3,A
Round 15,2022,10/8/2022,Terengganu FC,Terengganu,JDT,Johor,1,2,-1,A
Round 15,2022,14/9/2022,Kedah Darul Aman FC,Kedah,Selangor FC,Selangor,3,1,2,H
Round 15,2022,15/9/2022,Melaka United FC,Melaka,Kuala Lumpur City FC,Kuala Lumpur,0,0,0,D
Round 16,2022,13/8/2022,Petaling Jaya City FC,Selangor,Negeri Sembilan FC,Negeri Sembilan,0,2,-2,A
Round 16,2022,13/8/2022,Terengganu FC,Terengganu,Sarawak United FC,Sarawak,1,0,1,H
Round 16,2022,13/8/2022,Melaka United FC,Melaka,Sri Pahang FC,Pahang,2,2,0,D
Round 16,2022,1/9/2022,Sabah FC,Sabah,Kuala Lumpur City FC,Kuala Lumpur,2,2,0,D
Round 16,2022,2/9/2022,Kedah Darul Aman FC,Kedah,Penang FC,Pulau Pinang,1,0,1,H
Round 16,2022,3/9/2022,Selangor FC,Selangor,JDT,Johor,1,1,0,D
Round 17,2022,17/8/2022,Sarawak United FC,Sarawak,Petaling Jaya City FC,Selangor,0,0,0,D
Round 17,2022,17/8/2022,Kedah Darul Aman FC,Kedah,Sabah FC,Sabah,1,1,0,D
Round 17,2022,17/8/2022,Selangor FC,Selangor,Terengganu FC,Terengganu,0,2,-2,A
Round 17,2022,18/8/2022,Kuala Lumpur City FC,Kuala Lumpur,Negeri Sembilan FC,Negeri Sembilan,1,0,1,H
Round 17,2022,18/8/2022,Penang FC,Pulau Pinang,Sri Pahang FC,Pahang,2,3,-1,A
Round 17,2022,29/8/2022,JDT,Johor,Melaka United FC,Melaka,4,0,4,H
Round 18,2022,9/9/2022,Negeri Sembilan FC,Negeri Sembilan,Sarawak United FC,Sarawak,3,2,1,H
Round 18,2022,9/9/2022,Melaka United FC,Melaka,Kedah Darul Aman FC,Kedah,0,3,-3,A
Round 18,2022,10/9/2022,Sabah FC,Sabah,Selangor FC,Selangor,2,3,-1,A
Round 18,2022,11/9/2022,Sri Pahang FC,Pahang,Kuala Lumpur City FC,Kuala Lumpur,0,2,-2,A
Round 18,2022,14/9/2022,Terengganu FC,Terengganu,Penang FC,Pulau Pinang,3,0,3,H
Round 18,2022,15/9/2022,Petaling Jaya City FC,Selangor,JDT,Johor,2,2,0,D
Round 19,2022,24/9/2022,Penang FC,Pulau Pinang,Kuala Lumpur City FC,Kuala Lumpur,1,0,1,H
Round 19,2022,1/10/2022,Selangor FC,Selangor,Melaka United FC,Melaka,5,0,5,H
Round 19,2022,1/10/2022,Sarawak United FC,Sarawak,Sri Pahang FC,Pahang,1,4,-3,A
Round 19,2022,1/10/2022,JDT,Johor,Negeri Sembilan FC,Negeri Sembilan,5,0,5,H
Round 19,2022,1/10/2022,Kedah Darul Aman FC,Kedah,Petaling Jaya City FC,Selangor,0,1,-1,A
Round 19,2022,1/10/2022,Terengganu FC,Terengganu,Sabah FC,Sabah,2,0,2,H
Round 20,2022,28/9/2022,Kuala Lumpur City FC,Kuala Lumpur,Sarawak United FC,Sarawak,5,0,5,H
Round 20,2022,7/10/2022,Sabah FC,Sabah,Penang FC,Pulau Pinang,4,1,3,H
Round 20,2022,7/10/2022,Melaka United FC,Melaka,Terengganu FC,Terengganu,2,4,-2,A
Round 20,2022,7/10/2022,Petaling Jaya City FC,Selangor,Selangor FC,Selangor,0,1,-1,A
Round 20,2022,7/10/2022,Sri Pahang FC,Pahang,JDT,Johor,0,0,0,D
Round 20,2022,8/10/2022,Negeri Sembilan FC,Negeri Sembilan,Kedah Darul Aman FC,Kedah,4,3,1,H
Round 21,2022,11/10/2022,Sarawak United FC,Sarawak,Selangor FC,Selangor,0,1,-1,A
Round 21,2022,11/10/2022,Negeri Sembilan FC,Negeri Sembilan,Melaka United FC,Melaka,2,0,2,H
Round 21,2022,11/10/2022,Sri Pahang FC,Pahang,Sabah FC,Sabah,1,2,-1,A
Round 21,2022,11/10/2022,JDT,Johor,Kedah Darul Aman FC,Kedah,4,1,3,H
Round 21,2022,11/10/2022,Kuala Lumpur City FC,Kuala Lumpur,Terengganu FC,Terengganu,1,2,-1,A
Round 21,2022,11/10/2022,Petaling Jaya City FC,Selangor,Penang FC,Pulau Pinang,2,0,2,H
Round 22,2022,15/10/2022,JDT,Johor,Sabah FC,Sabah,3,0,3,H
Round 22,2022,15/10/2022,Kedah Darul Aman FC,Kedah,Terengganu FC,Terengganu,1,3,-2,A
Round 22,2022,15/10/2022,Penang FC,Pulau Pinang,Selangor FC,Selangor,1,1,0,D
Round 22,2022,15/10/2022,Petaling Jaya City FC,Selangor,Kuala Lumpur City FC,Kuala Lumpur,1,0,1,H
Round 22,2022,15/10/2022,Sarawak United FC,Sarawak,Melaka United FC,Melaka,1,0,1,H
Round 22,2022,15/10/2022,Sri Pahang FC,Pahang,Negeri Sembilan FC,Negeri Sembilan,2,0,2,H
1,2023,24/2/2023,JDT,Johor,Terengganu FC,Terengganu,2,0,2,H
1,2023,25/2/2023,Kelantan FC,Kelantan,Kuching City FC,Sarawak,1,2,-1,A
1,2023,25/2/2023,Sabah FC,Sabah,PDRM FC,Kuala Lumpur,4,0,4,H
1,2023,25/2/2023,Kuala Lumpur City FC,Kuala Lumpur,Penang FC,Pulau Pinang,2,2,0,D
1,2023,25/2/2023,Perak FC,Perak,Kedah Darul Aman FC,Kedah,1,4,-3,A
1,2023,26/2/2023,Selangor FC,Selangor,Kelantan Darul Naim FC,Kelantan,1,0,1,H
1,2023,26/2/2023,Negeri Sembilan FC,Negeri Sembilan,Sri Pahang FC,Pahang,1,1,0,D
2,2023,28/2/2023,PDRM FC,Kuala Lumpur,Perak FC,Perak,0,0,0,D
2,2023,1/3/2023,Penang FC,Pulau Pinang,Negeri Sembilan FC,Negeri Sembilan,0,0,0,D
2,2023,1/3/2023,Kedah Darul Aman FC,Kedah,Terengganu FC,Terengganu,1,0,1,H
2,2023,1/3/2023,Sabah FC,Sabah,Kelantan Darul Naim FC,Kelantan,3,1,2,H
2,2023,1/3/2023,Kuala Lumpur City FC,Kuala Lumpur,JDT,Johor,0,3,-3,A
2,2023,2/3/2023,Kuching City FC,Sarawak,Selangor FC,Selangor,0,5,-5,A
2,2023,2/3/2023,Sri Pahang FC,Pahang,Kelantan FC,Kelantan,4,1,3,H
3,2023,4/3/2023,Kelantan Darul Naim FC,Kelantan,Perak FC,Perak,0,0,0,D
3,2023,4/3/2023,Kedah Darul Aman FC,Kedah,PDRM FC,Kuala Lumpur,0,1,-1,A
3,2023,5/3/2023,Selangor FC,Selangor,Sri Pahang FC,Pahang,1,1,0,D
3,2023,5/3/2023,Kelantan FC,Kelantan,Penang FC,Pulau Pinang,2,0,2,H
3,2023,5/3/2023,Terengganu FC,Terengganu,Kuala Lumpur City FC,Kuala Lumpur,0,0,0,D
3,2023,6/3/2023,Negeri Sembilan FC,Negeri Sembilan,JDT,Johor,0,7,-7,A
3,2023,6/3/2023,Kuching City FC,Sarawak,Sabah FC,Sabah,1,2,-1,A
4,2023,11/3/2023,JDT,Johor,Kelantan FC,Kelantan,5,1,4,H
4,2023,11/3/2023,Terengganu FC,Terengganu,PDRM FC,Kuala Lumpur,1,0,1,H
4,2023,12/3/2023,Penang FC,Pulau Pinang,Selangor FC,Selangor,1,2,-1,A
4,2023,12/3/2023,Sri Pahang FC,Pahang,Sabah FC,Sabah,1,1,0,D
4,2023,12/3/2023,Perak FC,Perak,Kuching City FC,Sarawak,2,0,2,H
4,2023,13/3/2023,Kelantan Darul Naim FC,Kelantan,Kedah Darul Aman FC,Kedah,2,3,-1,A
5,2023,16/3/2023,Perak FC,Perak,Sri Pahang FC,Pahang,0,3,-3,A
5,2023,16/3/2023,Negeri Sembilan FC,Negeri Sembilan,Terengganu FC,Terengganu,2,1,1,H
5,2023,17/3/2023,Selangor FC,Selangor,JDT,Johor,0,4,-4,A
5,2023,17/3/2023,Kedah Darul Aman FC,Kedah,Kuching City FC,Sarawak,3,0,3,H
5,2023,17/3/2023,Kelantan FC,Kelantan,Kuala Lumpur City FC,Kuala Lumpur,2,2,0,D
5,2023,17/3/2023,Sabah FC,Sabah,Penang FC,Pulau Pinang,5,2,3,H
5,2023,18/3/2023,PDRM FC,Kuala Lumpur,Kelantan Darul Naim FC,Kelantan,2,0,2,H
6,2023,31/3/2023,Penang FC,Pulau Pinang,Perak FC,Perak,3,1,2,H
6,2023,31/3/2023,JDT,Johor,Sabah FC,Sabah,4,0,4,H
6,2023,31/3/2023,Kuala Lumpur City FC,Kuala Lumpur,Selangor FC,Selangor,1,3,-2,A
6,2023,31/3/2023,Terengganu FC,Terengganu,Kelantan Darul Naim FC,Kelantan,2,1,1,H
6,2023,1/4/2023,Kuching City FC,Sarawak,PDRM FC,Kuala Lumpur,0,1,-1,A
6,2023,1/4/2023,Negeri Sembilan FC,Negeri Sembilan,Kelantan FC,Kelantan,4,2,2,H
6,2023,1/4/2023,Sri Pahang FC,Pahang,Kedah Darul Aman FC,Kedah,1,1,0,D
7,2023,4/4/2023,Selangor FC,Selangor,Negeri Sembilan FC,Negeri Sembilan,2,1,1,H
7,2023,4/4/2023,Terengganu FC,Terengganu,Kelantan FC,Kelantan,5,0,5,H
7,2023,4/4/2023,Perak FC,Perak,JDT,Johor,0,5,-5,A
7,2023,5/4/2023,Kuching City FC,Sarawak,Kelantan Darul Naim FC,Kelantan,1,1,0,D
7,2023,5/4/2023,Kedah Darul Aman FC,Kedah,Penang FC,Pulau Pinang,1,0,1,H
7,2023,5/4/2023,Kuala Lumpur City FC,Kuala Lumpur,Sabah FC,Sabah,2,0,2,H
7,2023,5/4/2023,PDRM FC,Kuala Lumpur,Sri Pahang FC,Pahang,1,2,-1,A
8,2023,9/4/2023,Terengganu FC,Terengganu,Kuching City FC,Sarawak,2,0,2,H
8,2023,9/4/2023,JDT,Johor,Kedah Darul Aman FC,Kedah,6,0,6,H
8,2023,9/4/2023,Penang FC,Pulau Pinang,PDRM FC,Kuala Lumpur,4,2,2,H
8,2023,9/4/2023,Selangor FC,Selangor,Kelantan FC,Kelantan,3,0,3,H
8,2023,10/4/2023,Negeri Sembilan FC,Negeri Sembilan,Sabah FC,Sabah,1,1,0,D
8,2023,10/4/2023,Sri Pahang FC,Pahang,Kelantan Darul Naim FC,Kelantan,1,0,1,H
8,2023,10/4/2023,Kuala Lumpur City FC,Kuala Lumpur,Perak FC,Perak,1,0,1,H
9,2023,18/4/2023,Kuching City FC,Sarawak,Sri Pahang FC,Pahang,0,1,-1,A
9,2023,18/4/2023,Kedah Darul Aman FC,Kedah,Kuala Lumpur City FC,Kuala Lumpur,2,3,-1,A
9,2023,18/4/2023,Penang FC,Pulau Pinang,Kelantan Darul Naim FC,Kelantan,2,0,2,H
9,2023,18/4/2023,Selangor FC,Selangor,Terengganu FC,Terengganu,5,1,4,H
9,2023,19/4/2023,PDRM FC,Kuala Lumpur,JDT,Johor,0,1,-1,A
9,2023,19/4/2023,Sabah FC,Sabah,Kelantan FC,Kelantan,6,1,5,H
9,2023,19/4/2023,Perak FC,Perak,Negeri Sembilan FC,Negeri Sembilan,1,1,0,D
10,2023,27/4/2023,Kuala Lumpur City FC,Kuala Lumpur,PDRM FC,Kuala Lumpur,3,0,3,H
10,2023,27/4/2023,Penang FC,Pulau Pinang,Kuching City FC,Sarawak,2,1,1,H
10,2023,27/4/2023,Sabah FC,Sabah,Selangor FC,Selangor,2,1,1,H
10,2023,28/4/2023,Kelantan FC,Kelantan,Perak FC,Perak,2,3,-1,A
10,2023,28/4/2023,Negeri Sembilan FC,Negeri Sembilan,Kedah Darul Aman FC,Kedah,1,2,-1,A
10,2023,28/4/2023,Terengganu FC,Terengganu,Sri Pahang FC,Pahang,1,2,-1,A
10,2023,13/5/2023,JDT,Johor,Kelantan Darul Naim FC,Kelantan,6,0,6,H
4,2023,14/5/2023,Negeri Sembilan FC,Negeri Sembilan,Kuala Lumpur City FC,Kuala Lumpur,2,1,1,H
11,2023,18/5/2023,PDRM FC,Kuala Lumpur,Negeri Sembilan FC,Negeri Sembilan,1,2,-1,A
11,2023,19/5/2023,Sabah FC,Sabah,Terengganu FC,Terengganu,2,2,0,D
11,2023,19/5/2023,Kuching City FC,Sarawak,JDT,Johor,0,4,-4,A
11,2023,19/5/2023,Kedah Darul Aman FC,Kedah,Kelantan FC,Kelantan,5,0,5,H
11,2023,20/5/2023,Sri Pahang FC,Pahang,Penang FC,Pulau Pinang,1,0,1,H
11,2023,20/5/2023,Perak FC,Perak,Selangor FC,Selangor,0,4,-4,A
11,2023,20/5/2023,Kelantan Darul Naim FC,Kelantan,Kuala Lumpur City FC,Kuala Lumpur,1,3,-2,A
12,2023,23/5/2023,Kelantan FC,Kelantan,PDRM FC,Kuala Lumpur,1,4,-3,A
12,2023,23/5/2023,Negeri Sembilan FC,Negeri Sembilan,Kelantan Darul Naim FC,Kelantan,3,3,0,D
12,2023,23/5/2023,Sabah FC,Sabah,Perak FC,Perak,3,1,2,H
12,2023,24/5/2023,JDT,Johor,Sri Pahang FC,Pahang,2,0,2,H
12,2023,24/5/2023,Kuala Lumpur City FC,Kuala Lumpur,Kuching City FC,Sarawak,1,1,0,D
12,2023,24/5/2023,Selangor FC,Selangor,Kedah Darul Aman FC,Kedah,3,2,1,H
12,2023,24/5/2023,Terengganu FC,Terengganu,Penang FC,Pulau Pinang,1,0,1,H
13,2023,2/6/2023,Kedah Darul Aman FC,Kedah,Sabah FC,Sabah,2,1,1,H
13,2023,2/6/2023,Kelantan Darul Naim FC,Kelantan,Kelantan FC,Kelantan,4,1,3,H
13,2023,3/6/2023,PDRM FC,Kuala Lumpur,Selangor FC,Selangor,1,0,1,H
13,2023,3/6/2023,Perak FC,Perak,Terengganu FC,Terengganu,0,3,-3,A
13,2023,3/6/2023,Penang FC,Pulau Pinang,JDT,Johor,0,2,-2,A
13,2023,4/6/2023,Sri Pahang FC,Pahang,Kuala Lumpur City FC,Kuala Lumpur,1,2,-1,A
13,2023,4/6/2023,Kuching City FC,Sarawak,Negeri Sembilan FC,Negeri Sembilan,1,1,0,D
14,2023,7/6/2023,Kedah Darul Aman FC,Kedah,Perak FC,Perak,3,0,3,H
14,2023,7/6/2023,Kelantan Darul Naim FC,Kelantan,Selangor FC,Selangor,1,7,-6,A
14,2023,8/6/2023,PDRM FC,Kuala Lumpur,Sabah FC,Sabah,1,0,1,H
14,2023,8/6/2023,Penang FC,Pulau Pinang,Kuala Lumpur City FC,Kuala Lumpur,1,1,0,D
14,2023,9/6/2023,Sri Pahang FC,Pahang,Negeri Sembilan FC,Negeri Sembilan,4,3,1,H
14,2023,9/6/2023,Terengganu FC,Terengganu,JDT,Johor,1,3,-2,A
15,2023,23/6/2023,Kelantan FC,Kelantan,Sri Pahang FC,Pahang,0,5,-5,A
15,2023,23/6/2023,Perak FC,Perak,PDRM FC,Kuala Lumpur,1,2,-1,A
15,2023,26/6/2023,Negeri Sembilan FC,Negeri Sembilan,Penang FC,Pulau Pinang,1,1,0,D
15,2023,26/6/2023,Kelantan Darul Naim FC,Kelantan,Sabah FC,Sabah,0,3,-3,A
15,2023,3/7/2023,JDT,Johor,Kuala Lumpur City FC,Kuala Lumpur,6,1,5,H
15,2023,3/7/2023,Selangor FC,Selangor,Kuching City FC,Sarawak,2,1,1,H
15,2023,3/7/2023,Terengganu FC,Terengganu,Kedah Darul Aman FC,Kedah,1,0,1,H
16,2023,7/7/2023,Kuala Lumpur City FC,Kuala Lumpur,Terengganu FC,Terengganu,3,3,0,D
16,2023,7/7/2023,Perak FC,Perak,Kelantan Darul Naim FC,Kelantan,1,1,0,D
16,2023,8/7/2023,Sabah FC,Sabah,Kuching City FC,Sarawak,4,3,1,H
16,2023,8/7/2023,JDT,Johor,Negeri Sembilan FC,Negeri Sembilan,2,0,2,H
16,2023,8/7/2023,Penang FC,Pulau Pinang,Kelantan FC,Kelantan,4,3,1,H
16,2023,9/7/2023,Sri Pahang FC,Pahang,Selangor FC,Selangor,1,0,1,H
16,2023,9/7/2023,PDRM FC,Kuala Lumpur,Kedah Darul Aman FC,Kedah,0,2,-2,A
17,2023,14/7/2023,Kelantan FC,Kelantan,JDT,Johor,0,5,-5,A
17,2023,14/7/2023,Kedah Darul Aman FC,Kedah,Kelantan Darul Naim FC,Kelantan,3,1,2,H
17,2023,15/7/2023,Kuala Lumpur City FC,Kuala Lumpur,Negeri Sembilan FC,Negeri Sembilan,1,1,0,D
17,2023,15/7/2023,Sabah FC,Sabah,Sri Pahang FC,Pahang,4,0,4,H
17,2023,15/7/2023,Selangor FC,Selangor,Penang FC,Pulau Pinang,3,0,3,H
17,2023,16/7/2023,Kuching City FC,Sarawak,Perak FC,Perak,1,2,-1,A
17,2023,16/7/2023,PDRM FC,Kuala Lumpur,Terengganu FC,Terengganu,0,0,0,D
14,2023,21/7/2023,Kuching City FC,Sarawak,Kelantan FC,Kelantan,2,2,0,D
23,2023,23/7/2023,Selangor FC,Selangor,Sabah FC,Sabah,1,0,1,H
18,2023,28/7/2023,Terengganu FC,Terengganu,Negeri Sembilan FC,Negeri Sembilan,1,1,0,D
18,2023,28/7/2023,Kelantan Darul Naim FC,Kelantan,PDRM FC,Kuala Lumpur,2,2,0,D
18,2023,29/7/2023,Kuala Lumpur City FC,Kuala Lumpur,Kelantan FC,Kelantan,5,1,4,H
18,2023,29/7/2023,Kuching City FC,Sarawak,Kedah Darul Aman FC,Kedah,0,1,-1,A
18,2023,29/7/2023,JDT,Johor,Selangor FC,Selangor,2,0,2,H
18,2023,30/7/2023,Sri Pahang FC,Pahang,Perak FC,Perak,1,0,1,H
18,2023,30/7/2023,Penang FC,Pulau Pinang,Sabah FC,Sabah,1,2,-1,A
19,2023,8/8/2023,Kedah Darul Aman FC,Kedah,Sri Pahang FC,Pahang,2,0,2,H
19,2023,8/8/2023,Kelantan Darul Naim FC,Kelantan,Terengganu FC,Terengganu,1,4,-3,A
19,2023,8/8/2023,Selangor FC,Selangor,Kuala Lumpur City FC,Kuala Lumpur,2,0,2,H
19,2023,9/8/2023,Sabah FC,Sabah,JDT,Johor,1,5,-4,A
19,2023,9/8/2023,Kelantan FC,Kelantan,Negeri Sembilan FC,Negeri Sembilan,2,0,2,H
19,2023,9/8/2023,Perak FC,Perak,Penang FC,Pulau Pinang,3,1,2,H
20,2023,13/8/2023,Sabah FC,Sabah,Kuala Lumpur City FC,Kuala Lumpur,3,2,1,H
20,2023,13/8/2023,JDT,Johor,Perak FC,Perak,5,0,5,H
20,2023,14/8/2023,Kelantan FC,Kelantan,Terengganu FC,Terengganu,0,8,-8,A
20,2023,14/8/2023,Negeri Sembilan FC,Negeri Sembilan,Selangor FC,Selangor,0,4,-4,A
20,2023,22/8/2023,Penang FC,Pulau Pinang,Kedah Darul Aman FC,Kedah,1,2,-1,A
21,2023,25/8/2023,Kelantan FC,Kelantan,Selangor FC,Selangor,2,11,-9,A
21,2023,26/8/2023,Kuching City FC,Sarawak,Terengganu FC,Terengganu,0,2,-2,A
21,2023,26/8/2023,Sabah FC,Sabah,Negeri Sembilan FC,Negeri Sembilan,3,1,2,H
21,2023,26/8/2023,Kedah Darul Aman FC,Kedah,JDT,Johor,3,3,0,D
21,2023,27/8/2023,Perak FC,Perak,Kuala Lumpur City FC,Kuala Lumpur,0,4,-4,A
21,2023,27/8/2023,PDRM FC,Kuala Lumpur,Penang FC,Pulau Pinang,3,0,3,H
21,2023,27/8/2023,Kelantan Darul Naim FC,Kelantan,Sri Pahang FC,Pahang,1,5,-4,A
20,2023,4/9/2023,Kelantan Darul Naim FC,Kelantan,Kuching City FC,Sarawak,2,1,1,H
22,2023,27/9/2023,JDT,Johor,PDRM FC,Kuala Lumpur,4,0,4,H
22,2023,29/9/2023,Terengganu FC,Terengganu,Selangor FC,Selangor,0,4,-4,A
22,2023,30/9/2023,Kuala Lumpur City FC,Kuala Lumpur,Kedah Darul Aman FC,Kedah,0,1,-1,A
22,2023,30/9/2023,Sri Pahang FC,Pahang,Kuching City FC,Sarawak,3,2,1,H
22,2023,1/10/2023,Kelantan Darul Naim FC,Kelantan,Penang FC,Pulau Pinang,1,0,1,H
22,2023,1/10/2023,Negeri Sembilan FC,Negeri Sembilan,Perak FC,Perak,0,1,-1,A
19,2023,8/10/2023,PDRM FC,Kuala Lumpur,Kuching City FC,Sarawak,1,1,0,D
23,2023,27/10/2023,PDRM FC,Kuala Lumpur,Kuala Lumpur City FC,Kuala Lumpur,2,0,2,H
23,2023,28/10/2023,Kuching City FC,Sarawak,Penang FC,Pulau Pinang,0,0,0,D
23,2023,28/10/2023,Perak FC,Perak,Kelantan FC,Kelantan,8,0,8,H
23,2023,28/10/2023,Kelantan Darul Naim FC,Kelantan,JDT,Johor,0,2,-2,A
23,2023,28/10/2023,Kedah Darul Aman FC,Kedah,Negeri Sembilan FC,Negeri Sembilan,3,0,3,H
23,2023,29/10/2023,Sri Pahang FC,Pahang,Terengganu FC,Terengganu,2,2,0,D
20,2023,8/11/2023,Sri Pahang FC,Pahang,PDRM FC,Kuala Lumpur,2,3,-1,A
22,2023,20/11/2023,Kelantan FC,Kelantan,Sabah FC,Sabah,0,7,-7,A
24,2023,23/11/2023,JDT,Johor,Kuching City FC,Sarawak,2,0,2,H
24,2023,24/11/2023,Terengganu FC,Terengganu,Sabah FC,Sabah,0,4,-4,A
24,2023,25/11/2023,Selangor FC,Selangor,Perak FC,Perak,4,0,4,H
24,2023,25/11/2023,Negeri Sembilan FC,Negeri Sembilan,PDRM FC,Kuala Lumpur,2,0,2,H
24,2023,26/11/2023,Kuala Lumpur City FC,Kuala Lumpur,Kelantan Darul Naim FC,Kelantan,3,0,3,H
24,2023,26/11/2023,Kelantan FC,Kelantan,Kedah Darul Aman FC,Kedah,1,6,-5,A
24,2023,26/11/2023,Penang FC,Pulau Pinang,Sri Pahang FC,Pahang,3,2,1,H
25,2023,1/12/2023,Kelantan Darul Naim FC,Kelantan,Negeri Sembilan FC,Negeri Sembilan,0,4,-4,A
25,2023,2/12/2023,Kedah Darul Aman FC,Kedah,Selangor FC,Selangor,0,1,-1,A
25,2023,3/12/2023,Penang FC,Pulau Pinang,Terengganu FC,Terengganu,1,1,0,D
25,2023,3/12/2023,Sri Pahang FC,Pahang,JDT,Johor,0,2,-2,A
25,2023,3/12/2023,Perak FC,Perak,Sabah FC,Sabah,0,1,-1,A
25,2023,10/12/2023,Kuching City FC,Sarawak,Kuala Lumpur City FC,Kuala Lumpur,2,3,-1,A
25,2023,10/12/2023,PDRM FC,Kuala Lumpur,Kelantan FC,Kelantan,7,2,5,H
26,2023,16/12/2023,Kelantan FC,Kelantan,Kelantan Darul Naim FC,Kelantan,2,6,-4,A
26,2023,16/12/2023,Kuala Lumpur City FC,Kuala Lumpur,Sri Pahang FC,Pahang,0,0,0,D
26,2023,16/12/2023,JDT,Johor,Penang FC,Pulau Pinang,8,0,8,H
26,2023,17/12/2023,Sabah FC,Sabah,Kedah Darul Aman FC,Kedah,2,0,2,H
26,2023,17/12/2023,Selangor FC,Selangor,PDRM FC,Kuala Lumpur,3,1,2,H
26,2023,17/12/2023,Negeri Sembilan FC,Negeri Sembilan,Kuching City FC,Sarawak,1,4,-3,A
26,2023,17/12/2023,Terengganu FC,Terengganu,Perak FC,Perak,3,0,3,H
1,2024-2025,10/5/2024,JDT,Johor,Selangor FC,Selangor,3,0,3,H
1,2024-2025,11/5/2024,PDRM FC,Kuala Lumpur,Kedah Darul Aman FC,Kedah,0,1,-1,A
1,2024-2025,11/5/2024,Terengganu FC,Terengganu,Perak FC,Perak,3,1,2,H
1,2024-2025,11/5/2024,Sri Pahang FC,Pahang,Kelantan Darul Naim FC,Kelantan,1,0,1,H
1,2024-2025,12/5/2024,Sabah FC,Sabah,Penang FC,Pulau Pinang,0,0,0,D
1,2024-2025,12/5/2024,Kuala Lumpur City FC,Kuala Lumpur,Kuching City FC,Sarawak,1,1,0,D
2,2024-2025,17/5/2024,Kelantan Darul Naim FC,Kelantan,Sabah FC,Sabah,2,3,-1,A
2,2024-2025,18/5/2024,JDT,Johor,Negeri Sembilan FC,Negeri Sembilan,3,1,2,H
2,2024-2025,18/5/2024,Selangor FC,Selangor,Kedah Darul Aman FC,Kedah,1,0,1,H
2,2024-2025,18/5/2024,Perak FC,Perak,PDRM FC,Kuala Lumpur,2,3,-1,A
2,2024-2025,19/5/2024,Kuching City FC,Sarawak,Sri Pahang FC,Pahang,2,2,0,D
2,2024-2025,19/5/2024,Penang FC,Pulau Pinang,Terengganu FC,Terengganu,0,0,0,D
3,2024-2025,24/5/2024,Kedah Darul Aman FC,Kedah,Perak FC,Perak,0,2,-2,A
3,2024-2025,24/5/2024,Terengganu FC,Terengganu,Kelantan Darul Naim FC,Kelantan,3,0,3,H
3,2024-2025,25/5/2024,Kuala Lumpur City FC,Kuala Lumpur,JDT,Johor,1,5,-4,A
3,2024-2025,25/5/2024,Sabah FC,Sabah,Kuching City FC,Sarawak,2,1,1,H
3,2024-2025,25/5/2024,PDRM FC,Kuala Lumpur,Penang FC,Pulau Pinang,1,1,0,D
3,2024-2025,26/5/2024,Selangor FC,Selangor,Negeri Sembilan FC,Negeri Sembilan,4,0,4,H
4,2024-2025,21/6/2024,Negeri Sembilan FC,Negeri Sembilan,Kuala Lumpur City FC,Kuala Lumpur,0,3,-3,A
4,2024-2025,22/6/2024,JDT,Johor,Sri Pahang FC,Pahang,3,0,3,H
4,2024-2025,22/6/2024,Kuching City FC,Sarawak,Terengganu FC,Terengganu,1,1,0,D
4,2024-2025,22/6/2024,Penang FC,Pulau Pinang,Kedah Darul Aman FC,Kedah,0,1,-1,A
4,2024-2025,23/6/2024,Selangor FC,Selangor,Perak FC,Perak,2,1,1,H
4,2024-2025,23/6/2024,Kelantan Darul Naim FC,Kelantan,PDRM FC,Kuala Lumpur,1,0,1,H
5,2024-2025,12/7/2024,Kuching City FC,Sarawak,PDRM FC,Kuala Lumpur,2,0,2,H
5,2024-2025,12/7/2024,Kedah Darul Aman FC,Kedah,Kelantan Darul Naim FC,Kelantan,3,0,3,H
5,2024-2025,13/7/2024,Sri Pahang FC,Pahang,Negeri Sembilan FC,Negeri Sembilan,0,2,-2,A
5,2024-2025,13/7/2024,Sabah FC,Sabah,JDT,Johor,1,3,-2,A
5,2024-2025,13/7/2024,Perak FC,Perak,Penang FC,Pulau Pinang,0,2,-2,A
5,2024-2025,14/7/2024,Kuala Lumpur City FC,Kuala Lumpur,Selangor FC,Selangor,1,0,1,H
6,2024-2025,25/7/2024,Sabah FC,Sabah,Negeri Sembilan FC,Negeri Sembilan,2,0,2,H
6,2024-2025,26/7/2024,Kedah Darul Aman FC,Kedah,Kuching City FC,Sarawak,1,1,0,D
6,2024-2025,26/7/2024,Kelantan Darul Naim FC,Kelantan,Perak FC,Perak,1,3,-2,A
6,2024-2025,26/7/2024,JDT,Johor,Terengganu FC,Terengganu,4,0,4,H
6,2024-2025,27/7/2024,Selangor FC,Selangor,Penang FC,Pulau Pinang,4,1,3,H
6,2024-2025,27/7/2024,Kuala Lumpur City FC,Kuala Lumpur,Sri Pahang FC,Pahang,0,0,0,D
7,2024-2025,30/7/2024,Terengganu FC,Terengganu,Negeri Sembilan FC,Negeri Sembilan,3,2,1,H
7,2024-2025,30/7/2024,Perak FC,Perak,Kuching City FC,Sarawak,1,2,-1,A
7,2024-2025,31/7/2024,PDRM FC,Kuala Lumpur,JDT,Johor,1,1,0,D
7,2024-2025,31/7/2024,Kuala Lumpur City FC,Kuala Lumpur,Sabah FC,Sabah,3,0,3,H
7,2024-2025,31/7/2024,Sri Pahang FC,Pahang,Selangor FC,Selangor,1,1,0,D
7,2024-2025,1/8/2024,Penang FC,Pulau Pinang,Kelantan Darul Naim FC,Kelantan,3,0,3,H
8,2024-2025,9/8/2024,JDT,Johor,Kedah Darul Aman FC,Kedah,6,0,6,H
8,2024-2025,9/8/2024,Sri Pahang FC,Pahang,Sabah FC,Sabah,2,3,-1,A
8,2024-2025,10/8/2024,Kuala Lumpur City FC,Kuala Lumpur,Terengganu FC,Terengganu,0,2,-2,A
8,2024-2025,10/8/2024,Selangor FC,Selangor,Kelantan Darul Naim FC,Kelantan,2,0,2,H
8,2024-2025,11/8/2024,Negeri Sembilan FC,Negeri Sembilan,PDRM FC,Kuala Lumpur,1,2,-1,A
8,2024-2025,11/8/2024,Kuching City FC,Sarawak,Penang FC,Pulau Pinang,2,2,0,D
9,2024-2025,13/8/2024,Sabah FC,Sabah,Selangor FC,Selangor,1,2,-1,A
9,2024-2025,16/8/2024,Terengganu FC,Terengganu,Sri Pahang FC,Pahang,1,1,0,D
9,2024-2025,16/8/2024,PDRM FC,Kuala Lumpur,Kuala Lumpur City FC,Kuala Lumpur,2,1,1,H
9,2024-2025,17/8/2024,Kedah Darul Aman FC,Kedah,Negeri Sembilan FC,Negeri Sembilan,2,2,0,D
9,2024-2025,26/8/2024,Kuching City FC,Sarawak,Kelantan Darul Naim FC,Kelantan,1,0,1,H
9,2024-2025,10/11/2024,Perak FC,Perak,JDT,Johor,0,5,-5,A
10,2024-2025,12/9/2024,JDT,Johor,Penang FC,Pulau Pinang,5,0,5,H
10,2024-2025,13/9/2024,Selangor FC,Selangor,Kuching City FC,Sarawak,4,0,4,H
10,2024-2025,14/9/2024,Negeri Sembilan FC,Negeri Sembilan,Perak FC,Perak,0,1,-1,A
10,2024-2025,14/9/2024,Kuala Lumpur City FC,Kuala Lumpur,Kedah Darul Aman FC,Kedah,5,0,5,H
10,2024-2025,15/9/2024,Sabah FC,Sabah,Terengganu FC,Terengganu,1,1,0,D
10,2024-2025,15/9/2024,Sri Pahang FC,Pahang,PDRM FC,Kuala Lumpur,5,1,4,H
11,2024-2025,20/9/2024,Kedah Darul Aman FC,Kedah,Sri Pahang FC,Pahang,2,2,0,D
11,2024-2025,21/9/2024,PDRM FC,Kuala Lumpur,Sabah FC,Sabah,1,0,1,H
11,2024-2025,21/9/2024,Perak FC,Perak,Kuala Lumpur City FC,Kuala Lumpur,1,0,1,H
11,2024-2025,22/9/2024,Kelantan Darul Naim FC,Kelantan,JDT,Johor,1,6,-5,A
11,2024-2025,22/9/2024,Penang FC,Pulau Pinang,Negeri Sembilan FC,Negeri Sembilan,2,2,0,D
11,2024-2025,28/9/2024,Terengganu FC,Terengganu,Selangor FC,Selangor,0,1,-1,A
12,2024-2025,27/9/2024,JDT,Johor,Kuching City FC,Sarawak,2,1,1,H
12,2024-2025,27/9/2024,Negeri Sembilan FC,Negeri Sembilan,Kelantan Darul Naim FC,Kelantan,2,3,-1,A
12,2024-2025,28/9/2024,Sri Pahang FC,Pahang,Perak FC,Perak,0,3,-3,A
12,2024-2025,29/9/2024,Kuala Lumpur City FC,Kuala Lumpur,Penang FC,Pulau Pinang,4,2,2,H
12,2024-2025,4/10/2024,Terengganu FC,Terengganu,PDRM FC,Kuala Lumpur,1,1,0,D
12,2024-2025,29/10/2024,Sabah FC,Sabah,Kedah Darul Aman FC,Kedah,5,2,3,H
13,2024-2025,18/10/2024,Kelantan Darul Naim FC,Kelantan,Kuala Lumpur City FC,Kuala Lumpur,1,3,-2,A
13,2024-2025,19/10/2024,Perak FC,Perak,Sabah FC,Sabah,2,4,-2,A
13,2024-2025,19/10/2024,PDRM FC,Kuala Lumpur,Selangor FC,Selangor,1,1,0,D
13,2024-2025,19/10/2024,Kedah Darul Aman FC,Kedah,Terengganu FC,Terengganu,1,0,1,H
13,2024-2025,20/10/2024,Kuching City FC,Sarawak,Negeri Sembilan FC,Negeri Sembilan,1,1,0,D
13,2024-2025,20/10/2024,Penang FC,Pulau Pinang,Sri Pahang FC,Pahang,0,1,-1,A
14,2024-2025,25/10/2024,Penang FC,Pulau Pinang,Sabah FC,Sabah,0,4,-4,A
14,2024-2025,25/10/2024,Kedah Darul Aman FC,Kedah,PDRM FC,Kuala Lumpur,1,1,0,D
14,2024-2025,25/10/2024,Kelantan Darul Naim FC,Kelantan,Sri Pahang FC,Pahang,1,1,0,D
14,2024-2025,26/10/2024,Perak FC,Perak,Terengganu FC,Terengganu,2,2,0,D
14,2024-2025,26/10/2024,Kuching City FC,Sarawak,Kuala Lumpur City FC,Kuala Lumpur,3,1,2,H
14,2024-2025,27/10/2024,Selangor FC,Selangor,JDT,Johor,0,3,-3,A
15,2024-2025,4/3/2025,Sri Pahang FC,Pahang,Kuching City FC,Sarawak,0,3,-3,A
15,2024-2025,1/11/2024,Terengganu FC,Terengganu,Penang FC,Pulau Pinang,1,0,1,H
15,2024-2025,1/11/2024,Negeri Sembilan FC,Negeri Sembilan,JDT,Johor,0,4,-4,A
15,2024-2025,2/11/2024,Kedah Darul Aman FC,Kedah,Selangor FC,Selangor,0,1,-1,A
15,2024-2025,2/11/2024,PDRM FC,Kuala Lumpur,Perak FC                heavy rain],,1,1,0,D
15,2024-2025,3/11/2024,Sabah FC,Sabah,Kelantan Darul Naim FC,Kelantan,4,1,3,H
16,2024-2025,4/12/2024,Kelantan Darul Naim FC,Kelantan,Terengganu FC,Terengganu,1,2,-1,A
16,2024-2025,4/12/2024,Perak FC,Perak,Kedah Darul Aman FC,Kedah,1,1,0,D
16,2024-2025,4/12/2024,Kuching City FC,Sarawak,Sabah FC,Sabah,1,2,-1,A
16,2024-2025,4/12/2024,Penang FC,Pulau Pinang,PDRM FC,Kuala Lumpur,2,0,2,H
16,2024-2025,8/12/2024,JDT,Johor,Kuala Lumpur City FC,Kuala Lumpur,3,0,3,H
16,2024-2025,9/12/2024,Negeri Sembilan FC,Negeri Sembilan,Selangor FC,Selangor,0,4,-4,A
17,2024-2025,21/2/2024,Terengganu FC,Terengganu,Kuching City FC,Sarawak,2,2,0,D
17,2024-2025,17/12/2024,Kuala Lumpur City FC,Kuala Lumpur,Negeri Sembilan FC,Negeri Sembilan,2,1,1,H
17,2024-2025,17/12/2024,Perak FC,Perak,Selangor FC,Selangor,1,2,-1,A
17,2024-2025,17/12/2024,Sri Pahang FC,Pahang,JDT,Johor,1,3,-2,A
17,2024-2025,18/12/2024,Kedah Darul Aman FC,Kedah,Penang FC,Pulau Pinang,1,0,1,H
17,2024-2025,18/12/2024,PDRM FC,Kuala Lumpur,Kelantan Darul Naim FC,Kelantan,5,0,5,H
18,2024-2025,10/1/2025,Kelantan Darul Naim FC,Kelantan,Kedah Darul Aman FC,Kedah,0,1,-1,A
18,2024-2025,10/1/2025,Negeri Sembilan FC,Negeri Sembilan,Sri Pahang FC,Pahang,2,1,1,H
18,2024-2025,11/1/2025,JDT,Johor,Sabah FC,Sabah,4,0,4,H
18,2024-2025,11/1/2025,PDRM FC,Kuala Lumpur,Kuching City FC,Sarawak,0,2,-2,A
18,2024-2025,12/1/2025,Selangor FC,Selangor,Kuala Lumpur City FC,Kuala Lumpur,1,0,1,H
18,2024-2025,12/1/2025,Penang FC,Pulau Pinang,Perak FC,Perak,3,3,0,D
19,2024-2025,25/1/2025,Negeri Sembilan FC,Negeri Sembilan,Sabah FC,Sabah,1,2,-1,A
19,2024-2025,25/1/2025,Penang FC,Pulau Pinang,Selangor FC,Selangor,1,1,0,D
19,2024-2025,25/1/2025,Terengganu FC,Terengganu,JDT,Johor,0,1,-1,A
19,2024-2025,26/1/2025,Sri Pahang FC,Pahang,Kuala Lumpur City FC,Kuala Lumpur,1,1,0,D
19,2024-2025,26/1/2025,Perak FC,Perak,Kelantan Darul Naim FC,Kelantan,7,0,7,H
19,2024-2025,12/3/2025,Kuching City FC,Sarawak,Kedah Darul Aman FC,Kedah,3,0,3,H
20,2024-2025,5/2/2025,JDT,Johor,PDRM FC,Kuala Lumpur,4,0,4,H
20,2024-2025,7/2/2025,Kuching City FC,Sarawak,Perak FC,Perak,1,1,0,D
20,2024-2025,7/2/2025,Kelantan Darul Naim FC,Kelantan,Penang FC,Pulau Pinang,1,6,-5,A
20,2024-2025,8/2/2025,Selangor FC,Selangor,Sri Pahang FC,Pahang,2,0,2,H
20,2024-2025,9/2/2025,Negeri Sembilan FC,Negeri Sembilan,Terengganu FC,Terengganu,0,2,-2,A
20,2024-2025,21/2/2025,Sabah FC,Sabah,Kuala Lumpur City FC,Kuala Lumpur,1,1,0,D
21,2024-2025,14/2/2025,Terengganu FC,Terengganu,Kuala Lumpur City FC,Kuala Lumpur,1,2,-1,A
21,2024-2025,16/2/2025,Sabah FC,Sabah,Sri Pahang FC,Pahang,2,2,0,D
21,2024-2025,16/2/2025,Penang FC,Pulau Pinang,Kuching City FC,Sarawak,1,1,0,D
21,2024-2025,8/3/2025,Kelantan Darul Naim FC,Kelantan,Selangor FC,Selangor,0,7,-7,A
21,2024-2025,15/3/2025,PDRM FC,Kuala Lumpur,Negeri Sembilan FC,Negeri Sembilan,2,1,1,H
21,2024-2025,29/3/2025,Kedah Darul Aman FC,Kedah,JDT,Johor,1,6,-5,A
22,2024-2025,24/2/2025,JDT,Johor,Perak FC,Perak,2,0,2,H
22,2024-2025,26/2/2025,Kuala Lumpur City FC,Kuala Lumpur,PDRM FC,Kuala Lumpur,2,1,1,H
22,2024-2025,26/2/2025,Kelantan Darul Naim FC,Kelantan,Kuching City FC,Sarawak,0,3,-3,A
22,2024-2025,26/2/2025,Negeri Sembilan FC,Negeri Sembilan,Kedah Darul Aman FC,Kedah,2,0,2,H
22,2024-2025,27/2/2025,Selangor FC,Selangor,Sabah FC,Sabah,0,0,0,D
22,2024-2025,27/2/2025,Sri Pahang FC,Pahang,Terengganu FC,Terengganu,1,5,-4,A
23,2024-2025,7/3/2025,Kedah Darul Aman FC,Kedah,Kuala Lumpur City FC,Kuala Lumpur,2,3,-1,A
23,2024-2025,7/3/2025,Terengganu FC,Terengganu,Sabah FC,Sabah,2,2,0,D
23,2024-2025,8/3/2025,PDRM FC,Kuala Lumpur,Sri Pahang FC,Pahang,1,3,-2,A
23,2024-2025,8/3/2025,Perak FC,Perak,Negeri Sembilan FC,Negeri Sembilan,0,0,0,D
23,2024-2025,16/3/2025,Penang FC,Pulau Pinang,JDT,Johor,0,3,-3,A
23,2024-2025,16/3/2025,Kuching City FC,Sarawak,Selangor FC,Selangor,2,1,1,H
24,2024-2025,5/4/2025,Selangor FC,Selangor,Terengganu FC,Terengganu,1,0,1,H
24,2024-2025,5/4/2025,Negeri Sembilan FC,Negeri Sembilan,Penang FC,Pulau Pinang,0,2,-2,A
24,2024-2025,6/4/2025,Kuala Lumpur City FC,Kuala Lumpur,Perak FC,Perak,1,2,-1,A
24,2024-2025,8/4/2025,Sri Pahang FC,Pahang,Kedah Darul Aman FC,Kedah,6,0,6,H
24,2024-2025,8/4/2025,Sabah FC,Sabah,PDRM FC,Kuala Lumpur,1,0,1,H
24,2024-2025,10/4/2025,JDT,Johor,Kelantan Darul Naim FC,Kelantan,9,0,9,H
25,2024-2025,12/4/2025,PDRM FC,Kuala Lumpur,Terengganu FC,Terengganu,1,0,1,H
25,2024-2025,12/4/2025,Kedah Darul Aman FC,Kedah,Sabah FC,Sabah,1,1,0,D
25,2024-2025,12/4/2025,Perak FC,Perak,Sri Pahang FC,Pahang,0,1,-1,A
25,2024-2025,13/4/2025,Penang FC,Pulau Pinang,Kuala Lumpur City FC,Kuala Lumpur,1,0,1,H
25,2024-2025,13/4/2025,Kelantan Darul Naim FC,Kelantan,Negeri Sembilan FC,Negeri Sembilan,1,2,-1,A
25,2024-2025,16/4/2025,Kuching City FC,Sarawak,JDT,Johor,0,2,-2,A
26,2024-2025,19/4/2025,Selangor FC,Selangor,PDRM FC,Kuala Lumpur,2,0,2,H
26,2024-2025,19/4/2025,Sri Pahang FC,Pahang,Penang FC,Pulau Pinang,3,2,1,H
26,2024-2025,20/4/2025,Kuala Lumpur City FC,Kuala Lumpur,Kelantan Darul Naim FC,Kelantan,5,2,3,H
26,2024-2025,20/4/2025,Negeri Sembilan FC,Negeri Sembilan,Kuching City FC,Sarawak,1,3,-2,A
26,2024-2025,20/4/2025,Sabah FC,Sabah,Perak FC,Perak,0,1,-1,A
26,2024-2025,20/4/2025,Terengganu FC,Terengganu,Kedah Darul Aman FC,Kedah,3,0,3,H
